64, 64, 3
0, 0, 255, 255, 255
0, 1, 255, 255, 255
0, 2, 255, 255, 255
0, 3, 255, 255, 255
0, 4, 255, 255, 255
0, 5, 255, 255, 255
0, 6, 255, 255, 255
0, 7, 255, 255, 255
0, 8, 255, 255, 255
0, 9, 255, 255, 255
0, 10, 255, 255, 255
0, 11, 255, 255, 255
0, 12, 255, 255, 255
0, 13, 255, 255, 255
0, 14, 255, 255, 255
0, 15, 255, 255, 255
0, 16, 255, 255, 255
0, 17, 255, 255, 255
0, 18, 255, 255, 255
0, 19, 255, 255, 255
0, 20, 255, 255, 255
0, 21, 255, 255, 255
0, 22, 255, 255, 255
0, 23, 255, 255, 255
0, 24, 255, 255, 255
0, 25, 255, 255, 255
0, 26, 255, 255, 255
0, 27, 255, 255, 255
0, 28, 255, 255, 255
0, 29, 255, 255, 255
0, 30, 255, 255, 255
0, 31, 255, 255, 255
0, 32, 255, 255, 255
0, 33, 255, 255, 255
0, 34, 255, 255, 255
0, 35, 255, 255, 255
0, 36, 255, 255, 255
0, 37, 255, 255, 255
0, 38, 255, 255, 255
0, 39, 255, 255, 255
0, 40, 255, 255, 255
0, 41, 255, 255, 255
0, 42, 255, 255, 255
0, 43, 255, 255, 255
0, 44, 255, 255, 255
0, 45, 255, 255, 255
0, 46, 255, 255, 255
0, 47, 255, 255, 255
0, 48, 255, 255, 255
0, 49, 255, 255, 255
0, 50, 255, 255, 255
0, 51, 255, 255, 255
0, 52, 255, 255, 255
0, 53, 255, 255, 255
0, 54, 255, 255, 255
0, 55, 255, 255, 255
0, 56, 255, 255, 255
0, 57, 255, 255, 255
0, 58, 255, 255, 255
0, 59, 255, 255, 255
0, 60, 255, 255, 255
0, 61, 255, 255, 255
0, 62, 255, 255, 255
0, 63, 255, 255, 255
1, 0, 255, 255, 255
1, 1, 255, 255, 255
1, 2, 255, 255, 255
1, 3, 255, 255, 255
1, 4, 255, 255, 255
1, 5, 255, 255, 255
1, 6, 255, 255, 255
1, 7, 255, 255, 255
1, 8, 255, 255, 255
1, 9, 255, 255, 255
1, 10, 255, 255, 255
1, 11, 255, 255, 255
1, 12, 255, 255, 255
1, 13, 255, 255, 255
1, 14, 255, 255, 255
1, 15, 255, 255, 255
1, 16, 255, 255, 255
1, 17, 255, 255, 255
1, 18, 255, 255, 255
1, 19, 255, 255, 255
1, 20, 255, 255, 255
1, 21, 255, 255, 255
1, 22, 255, 255, 255
1, 23, 255, 255, 255
1, 24, 255, 255, 255
1, 25, 255, 255, 255
1, 26, 255, 255, 255
1, 27, 255, 255, 255
1, 28, 255, 255, 255
1, 29, 255, 255, 255
1, 30, 255, 255, 255
1, 31, 255, 255, 255
1, 32, 255, 255, 255
1, 33, 255, 255, 255
1, 34, 255, 255, 255
1, 35, 255, 255, 255
1, 36, 255, 255, 255
1, 37, 255, 255, 255
1, 38, 255, 255, 255
1, 39, 255, 255, 255
1, 40, 255, 255, 255
1, 41, 255, 255, 255
1, 42, 255, 255, 255
1, 43, 255, 255, 255
1, 44, 255, 255, 255
1, 45, 255, 255, 255
1, 46, 255, 255, 255
1, 47, 255, 255, 255
1, 48, 255, 255, 255
1, 49, 255, 255, 255
1, 50, 255, 255, 255
1, 51, 255, 255, 255
1, 52, 255, 255, 255
1, 53, 255, 255, 255
1, 54, 255, 255, 255
1, 55, 255, 255, 255
1, 56, 255, 255, 255
1, 57, 255, 255, 255
1, 58, 255, 255, 255
1, 59, 255, 255, 255
1, 60, 255, 255, 255
1, 61, 255, 255, 255
1, 62, 255, 255, 255
1, 63, 255, 255, 255
2, 0, 255, 255, 255
2, 1, 255, 255, 255
2, 2, 255, 255, 255
2, 3, 255, 255, 255
2, 4, 255, 255, 255
2, 5, 255, 255, 255
2, 6, 255, 255, 255
2, 7, 255, 255, 255
2, 8, 255, 255, 255
2, 9, 255, 255, 255
2, 10, 255, 255, 255
2, 11, 255, 255, 255
2, 12, 255, 255, 255
2, 13, 255, 255, 255
2, 14, 255, 255, 255
2, 15, 255, 255, 255
2, 16, 255, 255, 255
2, 17, 255, 255, 255
2, 18, 255, 255, 255
2, 19, 255, 255, 255
2, 20, 255, 255, 255
2, 21, 255, 255, 255
2, 22, 255, 255, 255
2, 23, 255, 255, 255
2, 24, 255, 255, 255
2, 25, 255, 255, 255
2, 26, 255, 255, 255
2, 27, 255, 255, 255
2, 28, 255, 255, 255
2, 29, 255, 255, 255
2, 30, 255, 255, 255
2, 31, 255, 255, 255
2, 32, 255, 255, 255
2, 33, 255, 255, 255
2, 34, 255, 255, 255
2, 35, 255, 255, 255
2, 36, 255, 255, 255
2, 37, 255, 255, 255
2, 38, 255, 255, 255
2, 39, 255, 255, 255
2, 40, 255, 255, 255
2, 41, 255, 255, 255
2, 42, 255, 255, 255
2, 43, 255, 255, 255
2, 44, 255, 255, 255
2, 45, 255, 255, 255
2, 46, 255, 255, 255
2, 47, 255, 255, 255
2, 48, 255, 255, 255
2, 49, 255, 255, 255
2, 50, 255, 255, 255
2, 51, 255, 255, 255
2, 52, 255, 255, 255
2, 53, 255, 255, 255
2, 54, 255, 255, 255
2, 55, 255, 255, 255
2, 56, 255, 255, 255
2, 57, 255, 255, 255
2, 58, 255, 255, 255
2, 59, 255, 255, 255
2, 60, 255, 255, 255
2, 61, 255, 255, 255
2, 62, 255, 255, 255
2, 63, 255, 255, 255
3, 0, 255, 255, 255
3, 1, 255, 255, 255
3, 2, 255, 255, 255
3, 3, 255, 255, 255
3, 4, 255, 255, 255
3, 5, 255, 255, 255
3, 6, 255, 255, 255
3, 7, 255, 255, 255
3, 8, 255, 255, 255
3, 9, 255, 255, 255
3, 10, 255, 255, 255
3, 11, 255, 255, 255
3, 12, 255, 255, 255
3, 13, 255, 255, 255
3, 14, 255, 255, 255
3, 15, 255, 255, 255
3, 16, 255, 255, 255
3, 17, 255, 255, 255
3, 18, 255, 255, 255
3, 19, 255, 255, 255
3, 20, 255, 255, 255
3, 21, 255, 255, 255
3, 22, 255, 255, 255
3, 23, 255, 255, 255
3, 24, 255, 255, 255
3, 25, 255, 255, 255
3, 26, 255, 255, 255
3, 27, 255, 255, 255
3, 28, 255, 255, 255
3, 29, 255, 255, 255
3, 30, 255, 255, 255
3, 31, 255, 255, 255
3, 32, 255, 255, 255
3, 33, 255, 255, 255
3, 34, 255, 255, 255
3, 35, 255, 255, 255
3, 36, 255, 255, 255
3, 37, 255, 255, 255
3, 38, 255, 255, 255
3, 39, 255, 255, 255
3, 40, 255, 255, 255
3, 41, 255, 255, 255
3, 42, 255, 255, 255
3, 43, 255, 255, 255
3, 44, 255, 255, 255
3, 45, 255, 255, 255
3, 46, 255, 255, 255
3, 47, 255, 255, 255
3, 48, 255, 255, 255
3, 49, 255, 255, 255
3, 50, 255, 255, 255
3, 51, 255, 255, 255
3, 52, 255, 255, 255
3, 53, 255, 255, 255
3, 54, 255, 255, 255
3, 55, 255, 255, 255
3, 56, 255, 255, 255
3, 57, 255, 255, 255
3, 58, 255, 255, 255
3, 59, 255, 255, 255
3, 60, 255, 255, 255
3, 61, 255, 255, 255
3, 62, 255, 255, 255
3, 63, 255, 255, 255
4, 0, 255, 255, 255
4, 1, 255, 255, 255
4, 2, 255, 255, 255
4, 3, 255, 255, 255
4, 4, 255, 255, 255
4, 5, 255, 255, 255
4, 6, 255, 255, 255
4, 7, 255, 255, 255
4, 8, 255, 255, 255
4, 9, 255, 255, 255
4, 10, 255, 255, 255
4, 11, 255, 255, 255
4, 12, 255, 255, 255
4, 13, 255, 255, 255
4, 14, 255, 255, 255
4, 15, 255, 255, 255
4, 16, 255, 255, 255
4, 17, 255, 255, 255
4, 18, 255, 255, 255
4, 19, 255, 255, 255
4, 20, 255, 255, 255
4, 21, 255, 255, 255
4, 22, 255, 255, 255
4, 23, 255, 255, 255
4, 24, 255, 255, 255
4, 25, 255, 255, 255
4, 26, 255, 255, 255
4, 27, 255, 255, 255
4, 28, 255, 255, 255
4, 29, 255, 255, 255
4, 30, 255, 255, 255
4, 31, 255, 255, 255
4, 32, 255, 255, 255
4, 33, 255, 255, 255
4, 34, 255, 255, 255
4, 35, 255, 255, 255
4, 36, 255, 255, 255
4, 37, 255, 255, 255
4, 38, 255, 255, 255
4, 39, 255, 255, 255
4, 40, 255, 255, 255
4, 41, 255, 255, 255
4, 42, 255, 255, 255
4, 43, 255, 255, 255
4, 44, 255, 255, 255
4, 45, 255, 255, 255
4, 46, 255, 255, 255
4, 47, 255, 255, 255
4, 48, 255, 255, 255
4, 49, 255, 255, 255
4, 50, 255, 255, 255
4, 51, 255, 255, 255
4, 52, 255, 255, 255
4, 53, 255, 255, 255
4, 54, 255, 255, 255
4, 55, 255, 255, 255
4, 56, 255, 255, 255
4, 57, 255, 255, 255
4, 58, 255, 255, 255
4, 59, 255, 255, 255
4, 60, 255, 255, 255
4, 61, 255, 255, 255
4, 62, 255, 255, 255
4, 63, 255, 255, 255
5, 0, 255, 255, 255
5, 1, 255, 255, 255
5, 2, 255, 255, 255
5, 3, 255, 255, 255
5, 4, 255, 255, 255
5, 5, 255, 255, 255
5, 6, 255, 255, 255
5, 7, 255, 255, 255
5, 8, 255, 255, 255
5, 9, 255, 255, 255
5, 10, 255, 255, 255
5, 11, 255, 255, 255
5, 12, 255, 255, 255
5, 13, 255, 255, 255
5, 14, 255, 255, 255
5, 15, 255, 255, 255
5, 16, 255, 255, 255
5, 17, 255, 255, 255
5, 18, 255, 255, 255
5, 19, 255, 255, 255
5, 20, 255, 255, 255
5, 21, 255, 255, 255
5, 22, 255, 255, 255
5, 23, 255, 255, 255
5, 24, 255, 255, 255
5, 25, 255, 255, 255
5, 26, 255, 255, 255
5, 27, 255, 255, 255
5, 28, 255, 255, 255
5, 29, 255, 255, 255
5, 30, 255, 255, 255
5, 31, 255, 255, 255
5, 32, 255, 255, 255
5, 33, 255, 255, 255
5, 34, 255, 255, 255
5, 35, 255, 255, 255
5, 36, 255, 255, 255
5, 37, 255, 255, 255
5, 38, 255, 255, 255
5, 39, 255, 255, 255
5, 40, 255, 255, 255
5, 41, 255, 255, 255
5, 42, 255, 255, 255
5, 43, 255, 255, 255
5, 44, 255, 255, 255
5, 45, 255, 255, 255
5, 46, 255, 255, 255
5, 47, 255, 255, 255
5, 48, 255, 255, 255
5, 49, 255, 255, 255
5, 50, 255, 255, 255
5, 51, 255, 255, 255
5, 52, 255, 255, 255
5, 53, 255, 255, 255
5, 54, 255, 255, 255
5, 55, 255, 255, 255
5, 56, 255, 255, 255
5, 57, 255, 255, 255
5, 58, 255, 255, 255
5, 59, 255, 255, 255
5, 60, 255, 255, 255
5, 61, 255, 255, 255
5, 62, 255, 255, 255
5, 63, 255, 255, 255
6, 0, 255, 255, 255
6, 1, 255, 255, 255
6, 2, 255, 255, 255
6, 3, 255, 255, 255
6, 4, 255, 255, 255
6, 5, 255, 255, 255
6, 6, 255, 255, 255
6, 7, 255, 255, 255
6, 8, 255, 255, 255
6, 9, 255, 255, 255
6, 10, 255, 255, 255
6, 11, 255, 255, 255
6, 12, 255, 255, 255
6, 13, 255, 255, 255
6, 14, 255, 255, 255
6, 15, 255, 255, 255
6, 16, 255, 255, 255
6, 17, 255, 255, 255
6, 18, 255, 255, 255
6, 19, 255, 255, 255
6, 20, 255, 255, 255
6, 21, 255, 255, 255
6, 22, 255, 255, 255
6, 23, 255, 255, 255
6, 24, 255, 255, 255
6, 25, 255, 255, 255
6, 26, 255, 255, 255
6, 27, 255, 255, 255
6, 28, 255, 255, 255
6, 29, 255, 255, 255
6, 30, 255, 255, 255
6, 31, 255, 255, 255
6, 32, 255, 255, 255
6, 33, 255, 255, 255
6, 34, 255, 255, 255
6, 35, 255, 255, 255
6, 36, 255, 255, 255
6, 37, 255, 255, 255
6, 38, 255, 255, 255
6, 39, 255, 255, 255
6, 40, 255, 255, 255
6, 41, 255, 255, 255
6, 42, 255, 255, 255
6, 43, 255, 255, 255
6, 44, 255, 255, 255
6, 45, 255, 255, 255
6, 46, 255, 255, 255
6, 47, 255, 255, 255
6, 48, 255, 255, 255
6, 49, 255, 255, 255
6, 50, 255, 255, 255
6, 51, 255, 255, 255
6, 52, 255, 255, 255
6, 53, 255, 255, 255
6, 54, 255, 255, 255
6, 55, 255, 255, 255
6, 56, 255, 255, 255
6, 57, 255, 255, 255
6, 58, 255, 255, 255
6, 59, 255, 255, 255
6, 60, 255, 255, 255
6, 61, 255, 255, 255
6, 62, 255, 255, 255
6, 63, 255, 255, 255
7, 0, 255, 255, 255
7, 1, 255, 255, 255
7, 2, 255, 255, 255
7, 3, 255, 255, 255
7, 4, 255, 255, 255
7, 5, 255, 255, 255
7, 6, 255, 255, 255
7, 7, 255, 255, 255
7, 8, 255, 255, 255
7, 9, 255, 255, 255
7, 10, 255, 255, 255
7, 11, 255, 255, 255
7, 12, 255, 255, 255
7, 13, 255, 255, 255
7, 14, 255, 255, 255
7, 15, 255, 255, 255
7, 16, 255, 255, 255
7, 17, 255, 255, 255
7, 18, 255, 255, 255
7, 19, 255, 255, 255
7, 20, 255, 255, 255
7, 21, 255, 255, 255
7, 22, 255, 255, 255
7, 23, 255, 255, 255
7, 24, 255, 255, 255
7, 25, 255, 255, 255
7, 26, 255, 255, 255
7, 27, 255, 255, 255
7, 28, 255, 255, 255
7, 29, 255, 255, 255
7, 30, 255, 255, 255
7, 31, 255, 255, 255
7, 32, 255, 255, 255
7, 33, 255, 255, 255
7, 34, 255, 255, 255
7, 35, 255, 255, 255
7, 36, 255, 255, 255
7, 37, 255, 255, 255
7, 38, 255, 255, 255
7, 39, 255, 255, 255
7, 40, 255, 255, 255
7, 41, 255, 255, 255
7, 42, 255, 255, 255
7, 43, 255, 255, 255
7, 44, 255, 255, 255
7, 45, 255, 255, 255
7, 46, 255, 255, 255
7, 47, 255, 255, 255
7, 48, 255, 255, 255
7, 49, 255, 255, 255
7, 50, 255, 255, 255
7, 51, 255, 255, 255
7, 52, 255, 255, 255
7, 53, 255, 255, 255
7, 54, 255, 255, 255
7, 55, 255, 255, 255
7, 56, 255, 255, 255
7, 57, 255, 255, 255
7, 58, 255, 255, 255
7, 59, 255, 255, 255
7, 60, 255, 255, 255
7, 61, 255, 255, 255
7, 62, 255, 255, 255
7, 63, 255, 255, 255
8, 0, 255, 255, 255
8, 1, 255, 255, 255
8, 2, 255, 255, 255
8, 3, 255, 255, 255
8, 4, 255, 255, 255
8, 5, 255, 255, 255
8, 6, 255, 255, 255
8, 7, 255, 255, 255
8, 8, 255, 255, 255
8, 9, 255, 255, 255
8, 10, 255, 255, 255
8, 11, 255, 255, 255
8, 12, 255, 255, 255
8, 13, 255, 255, 255
8, 14, 255, 255, 255
8, 15, 255, 255, 255
8, 16, 255, 255, 255
8, 17, 255, 255, 255
8, 18, 255, 255, 255
8, 19, 255, 255, 255
8, 20, 255, 255, 255
8, 21, 255, 255, 255
8, 22, 255, 255, 255
8, 23, 255, 255, 255
8, 24, 255, 255, 255
8, 25, 255, 255, 255
8, 26, 255, 255, 255
8, 27, 255, 255, 255
8, 28, 255, 255, 255
8, 29, 255, 255, 255
8, 30, 255, 255, 255
8, 31, 255, 255, 255
8, 32, 255, 255, 255
8, 33, 255, 255, 255
8, 34, 255, 255, 255
8, 35, 255, 255, 255
8, 36, 255, 255, 255
8, 37, 255, 255, 255
8, 38, 255, 255, 255
8, 39, 255, 255, 255
8, 40, 255, 255, 255
8, 41, 255, 255, 255
8, 42, 255, 255, 255
8, 43, 255, 255, 255
8, 44, 255, 255, 255
8, 45, 255, 255, 255
8, 46, 255, 255, 255
8, 47, 255, 255, 255
8, 48, 255, 255, 255
8, 49, 255, 255, 255
8, 50, 255, 255, 255
8, 51, 255, 255, 255
8, 52, 255, 255, 255
8, 53, 255, 255, 255
8, 54, 255, 255, 255
8, 55, 255, 255, 255
8, 56, 255, 255, 255
8, 57, 255, 255, 255
8, 58, 255, 255, 255
8, 59, 255, 255, 255
8, 60, 255, 255, 255
8, 61, 255, 255, 255
8, 62, 255, 255, 255
8, 63, 255, 255, 255
9, 0, 255, 255, 255
9, 1, 255, 255, 255
9, 2, 255, 255, 255
9, 3, 255, 255, 255
9, 4, 255, 255, 255
9, 5, 255, 255, 255
9, 6, 255, 255, 255
9, 7, 255, 255, 255
9, 8, 255, 255, 255
9, 9, 255, 255, 255
9, 10, 255, 255, 255
9, 11, 255, 255, 255
9, 12, 255, 255, 255
9, 13, 255, 255, 255
9, 14, 255, 255, 255
9, 15, 255, 255, 255
9, 16, 255, 255, 255
9, 17, 255, 255, 255
9, 18, 255, 255, 255
9, 19, 255, 255, 255
9, 20, 255, 255, 255
9, 21, 255, 255, 255
9, 22, 255, 255, 255
9, 23, 255, 255, 255
9, 24, 255, 255, 255
9, 25, 255, 255, 255
9, 26, 255, 255, 255
9, 27, 255, 255, 255
9, 28, 255, 255, 255
9, 29, 255, 255, 255
9, 30, 255, 255, 255
9, 31, 255, 255, 255
9, 32, 255, 255, 255
9, 33, 255, 255, 255
9, 34, 255, 255, 255
9, 35, 255, 255, 255
9, 36, 255, 255, 255
9, 37, 255, 255, 255
9, 38, 255, 255, 255
9, 39, 255, 255, 255
9, 40, 255, 255, 255
9, 41, 255, 255, 255
9, 42, 255, 255, 255
9, 43, 255, 255, 255
9, 44, 255, 255, 255
9, 45, 255, 255, 255
9, 46, 255, 255, 255
9, 47, 255, 255, 255
9, 48, 255, 255, 255
9, 49, 255, 255, 255
9, 50, 255, 255, 255
9, 51, 255, 255, 255
9, 52, 255, 255, 255
9, 53, 255, 255, 255
9, 54, 255, 255, 255
9, 55, 255, 255, 255
9, 56, 255, 255, 255
9, 57, 255, 255, 255
9, 58, 255, 255, 255
9, 59, 255, 255, 255
9, 60, 255, 255, 255
9, 61, 255, 255, 255
9, 62, 255, 255, 255
9, 63, 255, 255, 255
10, 0, 255, 255, 255
10, 1, 255, 255, 255
10, 2, 255, 255, 255
10, 3, 255, 255, 255
10, 4, 255, 255, 255
10, 5, 255, 255, 255
10, 6, 255, 255, 255
10, 7, 255, 255, 255
10, 8, 255, 255, 255
10, 9, 255, 255, 255
10, 10, 255, 255, 255
10, 11, 255, 255, 255
10, 12, 255, 255, 255
10, 13, 255, 255, 255
10, 14, 255, 255, 255
10, 15, 255, 255, 255
10, 16, 255, 255, 255
10, 17, 255, 255, 255
10, 18, 255, 255, 255
10, 19, 255, 255, 255
10, 20, 255, 255, 255
10, 21, 255, 255, 255
10, 22, 255, 255, 255
10, 23, 255, 255, 255
10, 24, 255, 255, 255
10, 25, 255, 255, 255
10, 26, 255, 255, 255
10, 27, 255, 255, 255
10, 28, 255, 255, 255
10, 29, 255, 255, 255
10, 30, 255, 255, 255
10, 31, 255, 255, 255
10, 32, 255, 255, 255
10, 33, 255, 255, 255
10, 34, 255, 255, 255
10, 35, 255, 255, 255
10, 36, 255, 255, 255
10, 37, 255, 255, 255
10, 38, 255, 255, 255
10, 39, 255, 255, 255
10, 40, 255, 255, 255
10, 41, 255, 255, 255
10, 42, 255, 255, 255
10, 43, 255, 255, 255
10, 44, 255, 255, 255
10, 45, 255, 255, 255
10, 46, 255, 255, 255
10, 47, 255, 255, 255
10, 48, 255, 255, 255
10, 49, 255, 255, 255
10, 50, 255, 255, 255
10, 51, 255, 255, 255
10, 52, 255, 255, 255
10, 53, 255, 255, 255
10, 54, 255, 255, 255
10, 55, 255, 255, 255
10, 56, 255, 255, 255
10, 57, 255, 255, 255
10, 58, 255, 255, 255
10, 59, 255, 255, 255
10, 60, 255, 255, 255
10, 61, 255, 255, 255
10, 62, 255, 255, 255
10, 63, 255, 255, 255
11, 0, 255, 255, 255
11, 1, 255, 255, 255
11, 2, 255, 255, 255
11, 3, 255, 255, 255
11, 4, 255, 255, 255
11, 5, 255, 255, 255
11, 6, 255, 255, 255
11, 7, 255, 255, 255
11, 8, 255, 255, 255
11, 9, 255, 255, 255
11, 10, 255, 255, 255
11, 11, 255, 255, 255
11, 12, 255, 255, 255
11, 13, 255, 255, 255
11, 14, 255, 255, 255
11, 15, 255, 255, 255
11, 16, 255, 255, 255
11, 17, 255, 255, 255
11, 18, 255, 255, 255
11, 19, 255, 255, 255
11, 20, 255, 255, 255
11, 21, 255, 255, 255
11, 22, 255, 255, 255
11, 23, 255, 255, 255
11, 24, 255, 255, 255
11, 25, 255, 255, 255
11, 26, 255, 255, 255
11, 27, 255, 255, 255
11, 28, 255, 255, 255
11, 29, 255, 255, 255
11, 30, 255, 255, 255
11, 31, 255, 255, 255
11, 32, 255, 255, 255
11, 33, 255, 255, 255
11, 34, 255, 255, 255
11, 35, 255, 255, 255
11, 36, 255, 255, 255
11, 37, 255, 255, 255
11, 38, 255, 255, 255
11, 39, 255, 255, 255
11, 40, 255, 255, 255
11, 41, 255, 255, 255
11, 42, 255, 255, 255
11, 43, 255, 255, 255
11, 44, 255, 255, 255
11, 45, 255, 255, 255
11, 46, 255, 255, 255
11, 47, 255, 255, 255
11, 48, 255, 255, 255
11, 49, 255, 255, 255
11, 50, 255, 255, 255
11, 51, 255, 255, 255
11, 52, 255, 255, 255
11, 53, 255, 255, 255
11, 54, 255, 255, 255
11, 55, 255, 255, 255
11, 56, 255, 255, 255
11, 57, 255, 255, 255
11, 58, 255, 255, 255
11, 59, 255, 255, 255
11, 60, 255, 255, 255
11, 61, 255, 255, 255
11, 62, 255, 255, 255
11, 63, 255, 255, 255
12, 0, 255, 255, 255
12, 1, 255, 255, 255
12, 2, 255, 255, 255
12, 3, 255, 255, 255
12, 4, 255, 255, 255
12, 5, 255, 255, 255
12, 6, 255, 255, 255
12, 7, 255, 255, 255
12, 8, 255, 255, 255
12, 9, 255, 255, 255
12, 10, 255, 255, 255
12, 11, 255, 255, 255
12, 12, 255, 255, 255
12, 13, 255, 255, 255
12, 14, 255, 255, 255
12, 15, 255, 255, 255
12, 16, 255, 255, 255
12, 17, 255, 255, 255
12, 18, 255, 255, 255
12, 19, 255, 255, 255
12, 20, 255, 255, 255
12, 21, 255, 255, 255
12, 22, 255, 255, 255
12, 23, 255, 255, 255
12, 24, 255, 255, 255
12, 25, 255, 255, 255
12, 26, 255, 255, 255
12, 27, 255, 255, 255
12, 28, 255, 255, 255
12, 29, 255, 255, 255
12, 30, 255, 255, 255
12, 31, 255, 255, 255
12, 32, 255, 255, 255
12, 33, 255, 255, 255
12, 34, 255, 255, 255
12, 35, 120, 168, 64
12, 36, 255, 255, 255
12, 37, 255, 255, 255
12, 38, 255, 255, 255
12, 39, 255, 255, 255
12, 40, 255, 255, 255
12, 41, 255, 255, 255
12, 42, 255, 255, 255
12, 43, 255, 255, 255
12, 44, 255, 255, 255
12, 45, 255, 255, 255
12, 46, 255, 255, 255
12, 47, 255, 255, 255
12, 48, 255, 255, 255
12, 49, 255, 255, 255
12, 50, 255, 255, 255
12, 51, 255, 255, 255
12, 52, 255, 255, 255
12, 53, 255, 255, 255
12, 54, 255, 255, 255
12, 55, 255, 255, 255
12, 56, 255, 255, 255
12, 57, 255, 255, 255
12, 58, 255, 255, 255
12, 59, 255, 255, 255
12, 60, 255, 255, 255
12, 61, 255, 255, 255
12, 62, 255, 255, 255
12, 63, 255, 255, 255
13, 0, 255, 255, 255
13, 1, 255, 255, 255
13, 2, 255, 255, 255
13, 3, 255, 255, 255
13, 4, 255, 255, 255
13, 5, 255, 255, 255
13, 6, 255, 255, 255
13, 7, 255, 255, 255
13, 8, 255, 255, 255
13, 9, 255, 255, 255
13, 10, 255, 255, 255
13, 11, 255, 255, 255
13, 12, 255, 255, 255
13, 13, 255, 255, 255
13, 14, 255, 255, 255
13, 15, 255, 255, 255
13, 16, 255, 255, 255
13, 17, 255, 255, 255
13, 18, 255, 255, 255
13, 19, 255, 255, 255
13, 20, 255, 255, 255
13, 21, 255, 255, 255
13, 22, 255, 255, 255
13, 23, 255, 255, 255
13, 24, 255, 255, 255
13, 25, 255, 255, 255
13, 26, 255, 255, 255
13, 27, 255, 255, 255
13, 28, 255, 255, 255
13, 29, 255, 255, 255
13, 30, 255, 255, 255
13, 31, 255, 255, 255
13, 32, 255, 255, 255
13, 33, 255, 255, 255
13, 34, 120, 168, 64
13, 35, 184, 248, 112
13, 36, 120, 168, 64
13, 37, 255, 255, 255
13, 38, 255, 255, 255
13, 39, 255, 255, 255
13, 40, 255, 255, 255
13, 41, 255, 255, 255
13, 42, 255, 255, 255
13, 43, 255, 255, 255
13, 44, 255, 255, 255
13, 45, 255, 255, 255
13, 46, 255, 255, 255
13, 47, 255, 255, 255
13, 48, 255, 255, 255
13, 49, 255, 255, 255
13, 50, 255, 255, 255
13, 51, 255, 255, 255
13, 52, 255, 255, 255
13, 53, 255, 255, 255
13, 54, 255, 255, 255
13, 55, 255, 255, 255
13, 56, 255, 255, 255
13, 57, 255, 255, 255
13, 58, 255, 255, 255
13, 59, 255, 255, 255
13, 60, 255, 255, 255
13, 61, 255, 255, 255
13, 62, 255, 255, 255
13, 63, 255, 255, 255
14, 0, 255, 255, 255
14, 1, 255, 255, 255
14, 2, 255, 255, 255
14, 3, 255, 255, 255
14, 4, 255, 255, 255
14, 5, 255, 255, 255
14, 6, 255, 255, 255
14, 7, 255, 255, 255
14, 8, 255, 255, 255
14, 9, 255, 255, 255
14, 10, 255, 255, 255
14, 11, 255, 255, 255
14, 12, 255, 255, 255
14, 13, 255, 255, 255
14, 14, 255, 255, 255
14, 15, 255, 255, 255
14, 16, 255, 255, 255
14, 17, 255, 255, 255
14, 18, 255, 255, 255
14, 19, 255, 255, 255
14, 20, 255, 255, 255
14, 21, 255, 255, 255
14, 22, 255, 255, 255
14, 23, 255, 255, 255
14, 24, 255, 255, 255
14, 25, 255, 255, 255
14, 26, 255, 255, 255
14, 27, 255, 255, 255
14, 28, 255, 255, 255
14, 29, 255, 255, 255
14, 30, 255, 255, 255
14, 31, 255, 255, 255
14, 32, 255, 255, 255
14, 33, 88, 112, 64
14, 34, 184, 248, 112
14, 35, 184, 248, 112
14, 36, 88, 112, 64
14, 37, 120, 168, 64
14, 38, 255, 255, 255
14, 39, 255, 255, 255
14, 40, 255, 255, 255
14, 41, 255, 255, 255
14, 42, 255, 255, 255
14, 43, 255, 255, 255
14, 44, 255, 255, 255
14, 45, 255, 255, 255
14, 46, 255, 255, 255
14, 47, 255, 255, 255
14, 48, 255, 255, 255
14, 49, 255, 255, 255
14, 50, 255, 255, 255
14, 51, 255, 255, 255
14, 52, 255, 255, 255
14, 53, 255, 255, 255
14, 54, 255, 255, 255
14, 55, 255, 255, 255
14, 56, 255, 255, 255
14, 57, 255, 255, 255
14, 58, 255, 255, 255
14, 59, 255, 255, 255
14, 60, 255, 255, 255
14, 61, 255, 255, 255
14, 62, 255, 255, 255
14, 63, 255, 255, 255
15, 0, 255, 255, 255
15, 1, 255, 255, 255
15, 2, 255, 255, 255
15, 3, 255, 255, 255
15, 4, 255, 255, 255
15, 5, 255, 255, 255
15, 6, 255, 255, 255
15, 7, 255, 255, 255
15, 8, 255, 255, 255
15, 9, 255, 255, 255
15, 10, 255, 255, 255
15, 11, 255, 255, 255
15, 12, 255, 255, 255
15, 13, 255, 255, 255
15, 14, 255, 255, 255
15, 15, 255, 255, 255
15, 16, 255, 255, 255
15, 17, 255, 255, 255
15, 18, 255, 255, 255
15, 19, 255, 255, 255
15, 20, 255, 255, 255
15, 21, 255, 255, 255
15, 22, 255, 255, 255
15, 23, 255, 255, 255
15, 24, 255, 255, 255
15, 25, 255, 255, 255
15, 26, 255, 255, 255
15, 27, 255, 255, 255
15, 28, 255, 255, 255
15, 29, 120, 168, 64
15, 30, 120, 168, 64
15, 31, 88, 112, 64
15, 32, 88, 112, 64
15, 33, 184, 248, 112
15, 34, 184, 248, 112
15, 35, 120, 168, 64
15, 36, 152, 208, 72
15, 37, 88, 112, 64
15, 38, 255, 255, 255
15, 39, 255, 255, 255
15, 40, 255, 255, 255
15, 41, 255, 255, 255
15, 42, 255, 255, 255
15, 43, 255, 255, 255
15, 44, 255, 255, 255
15, 45, 255, 255, 255
15, 46, 255, 255, 255
15, 47, 255, 255, 255
15, 48, 255, 255, 255
15, 49, 255, 255, 255
15, 50, 255, 255, 255
15, 51, 255, 255, 255
15, 52, 255, 255, 255
15, 53, 255, 255, 255
15, 54, 255, 255, 255
15, 55, 255, 255, 255
15, 56, 255, 255, 255
15, 57, 255, 255, 255
15, 58, 255, 255, 255
15, 59, 255, 255, 255
15, 60, 255, 255, 255
15, 61, 255, 255, 255
15, 62, 255, 255, 255
15, 63, 255, 255, 255
16, 0, 255, 255, 255
16, 1, 255, 255, 255
16, 2, 255, 255, 255
16, 3, 255, 255, 255
16, 4, 255, 255, 255
16, 5, 255, 255, 255
16, 6, 255, 255, 255
16, 7, 255, 255, 255
16, 8, 255, 255, 255
16, 9, 255, 255, 255
16, 10, 255, 255, 255
16, 11, 255, 255, 255
16, 12, 255, 255, 255
16, 13, 255, 255, 255
16, 14, 255, 255, 255
16, 15, 255, 255, 255
16, 16, 255, 255, 255
16, 17, 255, 255, 255
16, 18, 255, 255, 255
16, 19, 255, 255, 255
16, 20, 255, 255, 255
16, 21, 255, 255, 255
16, 22, 255, 255, 255
16, 23, 255, 255, 255
16, 24, 255, 255, 255
16, 25, 255, 255, 255
16, 26, 120, 168, 64
16, 27, 120, 168, 64
16, 28, 120, 168, 64
16, 29, 184, 248, 112
16, 30, 120, 168, 64
16, 31, 152, 208, 72
16, 32, 184, 248, 112
16, 33, 184, 248, 112
16, 34, 184, 248, 112
16, 35, 120, 168, 64
16, 36, 152, 208, 72
16, 37, 88, 112, 64
16, 38, 255, 255, 255
16, 39, 255, 255, 255
16, 40, 255, 255, 255
16, 41, 255, 255, 255
16, 42, 255, 255, 255
16, 43, 255, 255, 255
16, 44, 255, 255, 255
16, 45, 255, 255, 255
16, 46, 255, 255, 255
16, 47, 255, 255, 255
16, 48, 255, 255, 255
16, 49, 255, 255, 255
16, 50, 255, 255, 255
16, 51, 255, 255, 255
16, 52, 255, 255, 255
16, 53, 255, 255, 255
16, 54, 255, 255, 255
16, 55, 255, 255, 255
16, 56, 255, 255, 255
16, 57, 255, 255, 255
16, 58, 255, 255, 255
16, 59, 255, 255, 255
16, 60, 255, 255, 255
16, 61, 255, 255, 255
16, 62, 255, 255, 255
16, 63, 255, 255, 255
17, 0, 255, 255, 255
17, 1, 255, 255, 255
17, 2, 255, 255, 255
17, 3, 255, 255, 255
17, 4, 255, 255, 255
17, 5, 255, 255, 255
17, 6, 255, 255, 255
17, 7, 255, 255, 255
17, 8, 255, 255, 255
17, 9, 255, 255, 255
17, 10, 255, 255, 255
17, 11, 255, 255, 255
17, 12, 255, 255, 255
17, 13, 255, 255, 255
17, 14, 255, 255, 255
17, 15, 255, 255, 255
17, 16, 255, 255, 255
17, 17, 255, 255, 255
17, 18, 255, 255, 255
17, 19, 255, 255, 255
17, 20, 255, 255, 255
17, 21, 255, 255, 255
17, 22, 255, 255, 255
17, 23, 120, 168, 64
17, 24, 120, 168, 64
17, 25, 120, 168, 64
17, 26, 184, 248, 112
17, 27, 184, 248, 112
17, 28, 184, 248, 112
17, 29, 120, 168, 64
17, 30, 152, 208, 72
17, 31, 184, 248, 112
17, 32, 184, 248, 112
17, 33, 152, 208, 72
17, 34, 120, 168, 64
17, 35, 88, 112, 64
17, 36, 152, 208, 72
17, 37, 88, 112, 64
17, 38, 255, 255, 255
17, 39, 255, 255, 255
17, 40, 255, 255, 255
17, 41, 255, 255, 255
17, 42, 255, 255, 255
17, 43, 255, 255, 255
17, 44, 255, 255, 255
17, 45, 255, 255, 255
17, 46, 255, 255, 255
17, 47, 255, 255, 255
17, 48, 255, 255, 255
17, 49, 255, 255, 255
17, 50, 255, 255, 255
17, 51, 255, 255, 255
17, 52, 255, 255, 255
17, 53, 255, 255, 255
17, 54, 255, 255, 255
17, 55, 255, 255, 255
17, 56, 255, 255, 255
17, 57, 255, 255, 255
17, 58, 255, 255, 255
17, 59, 255, 255, 255
17, 60, 255, 255, 255
17, 61, 255, 255, 255
17, 62, 255, 255, 255
17, 63, 255, 255, 255
18, 0, 255, 255, 255
18, 1, 255, 255, 255
18, 2, 255, 255, 255
18, 3, 255, 255, 255
18, 4, 255, 255, 255
18, 5, 255, 255, 255
18, 6, 255, 255, 255
18, 7, 255, 255, 255
18, 8, 255, 255, 255
18, 9, 255, 255, 255
18, 10, 255, 255, 255
18, 11, 255, 255, 255
18, 12, 255, 255, 255
18, 13, 255, 255, 255
18, 14, 255, 255, 255
18, 15, 255, 255, 255
18, 16, 255, 255, 255
18, 17, 255, 255, 255
18, 18, 255, 255, 255
18, 19, 255, 255, 255
18, 20, 255, 255, 255
18, 21, 255, 255, 255
18, 22, 120, 168, 64
18, 23, 184, 248, 112
18, 24, 184, 248, 112
18, 25, 184, 248, 112
18, 26, 120, 168, 64
18, 27, 120, 168, 64
18, 28, 152, 208, 72
18, 29, 184, 248, 112
18, 30, 184, 248, 112
18, 31, 184, 248, 112
18, 32, 152, 208, 72
18, 33, 152, 208, 72
18, 34, 88, 112, 64
18, 35, 120, 168, 64
18, 36, 152, 208, 72
18, 37, 88, 112, 64
18, 38, 255, 255, 255
18, 39, 255, 255, 255
18, 40, 255, 255, 255
18, 41, 255, 255, 255
18, 42, 255, 255, 255
18, 43, 255, 255, 255
18, 44, 255, 255, 255
18, 45, 255, 255, 255
18, 46, 255, 255, 255
18, 47, 255, 255, 255
18, 48, 255, 255, 255
18, 49, 255, 255, 255
18, 50, 255, 255, 255
18, 51, 255, 255, 255
18, 52, 255, 255, 255
18, 53, 255, 255, 255
18, 54, 255, 255, 255
18, 55, 255, 255, 255
18, 56, 255, 255, 255
18, 57, 255, 255, 255
18, 58, 255, 255, 255
18, 59, 255, 255, 255
18, 60, 255, 255, 255
18, 61, 255, 255, 255
18, 62, 255, 255, 255
18, 63, 255, 255, 255
19, 0, 255, 255, 255
19, 1, 255, 255, 255
19, 2, 255, 255, 255
19, 3, 255, 255, 255
19, 4, 255, 255, 255
19, 5, 255, 255, 255
19, 6, 255, 255, 255
19, 7, 255, 255, 255
19, 8, 255, 255, 255
19, 9, 255, 255, 255
19, 10, 255, 255, 255
19, 11, 255, 255, 255
19, 12, 255, 255, 255
19, 13, 255, 255, 255
19, 14, 255, 255, 255
19, 15, 255, 255, 255
19, 16, 255, 255, 255
19, 17, 255, 255, 255
19, 18, 255, 255, 255
19, 19, 255, 255, 255
19, 20, 255, 255, 255
19, 21, 88, 112, 64
19, 22, 184, 248, 112
19, 23, 184, 248, 112
19, 24, 88, 112, 64
19, 25, 152, 208, 72
19, 26, 184, 248, 112
19, 27, 184, 248, 112
19, 28, 184, 248, 112
19, 29, 184, 248, 112
19, 30, 152, 208, 72
19, 31, 152, 208, 72
19, 32, 152, 208, 72
19, 33, 120, 168, 64
19, 34, 88, 112, 64
19, 35, 120, 168, 64
19, 36, 152, 208, 72
19, 37, 120, 168, 64
19, 38, 24, 16, 16
19, 39, 255, 255, 255
19, 40, 255, 255, 255
19, 41, 255, 255, 255
19, 42, 255, 255, 255
19, 43, 255, 255, 255
19, 44, 255, 255, 255
19, 45, 255, 255, 255
19, 46, 255, 255, 255
19, 47, 255, 255, 255
19, 48, 255, 255, 255
19, 49, 255, 255, 255
19, 50, 255, 255, 255
19, 51, 255, 255, 255
19, 52, 255, 255, 255
19, 53, 255, 255, 255
19, 54, 255, 255, 255
19, 55, 255, 255, 255
19, 56, 255, 255, 255
19, 57, 255, 255, 255
19, 58, 255, 255, 255
19, 59, 255, 255, 255
19, 60, 255, 255, 255
19, 61, 255, 255, 255
19, 62, 255, 255, 255
19, 63, 255, 255, 255
20, 0, 255, 255, 255
20, 1, 255, 255, 255
20, 2, 255, 255, 255
20, 3, 255, 255, 255
20, 4, 255, 255, 255
20, 5, 255, 255, 255
20, 6, 255, 255, 255
20, 7, 255, 255, 255
20, 8, 255, 255, 255
20, 9, 255, 255, 255
20, 10, 255, 255, 255
20, 11, 255, 255, 255
20, 12, 255, 255, 255
20, 13, 255, 255, 255
20, 14, 255, 255, 255
20, 15, 255, 255, 255
20, 16, 255, 255, 255
20, 17, 255, 255, 255
20, 18, 255, 255, 255
20, 19, 255, 255, 255
20, 20, 88, 112, 64
20, 21, 120, 168, 64
20, 22, 152, 208, 72
20, 23, 88, 112, 64
20, 24, 152, 208, 72
20, 25, 184, 248, 112
20, 26, 184, 248, 112
20, 27, 184, 248, 112
20, 28, 152, 208, 72
20, 29, 152, 208, 72
20, 30, 152, 208, 72
20, 31, 120, 168, 64
20, 32, 120, 168, 64
20, 33, 120, 168, 64
20, 34, 88, 112, 64
20, 35, 152, 208, 72
20, 36, 184, 248, 112
20, 37, 152, 208, 72
20, 38, 88, 112, 64
20, 39, 24, 16, 16
20, 40, 255, 255, 255
20, 41, 255, 255, 255
20, 42, 255, 255, 255
20, 43, 255, 255, 255
20, 44, 255, 255, 255
20, 45, 255, 255, 255
20, 46, 255, 255, 255
20, 47, 255, 255, 255
20, 48, 255, 255, 255
20, 49, 255, 255, 255
20, 50, 255, 255, 255
20, 51, 255, 255, 255
20, 52, 255, 255, 255
20, 53, 255, 255, 255
20, 54, 255, 255, 255
20, 55, 255, 255, 255
20, 56, 255, 255, 255
20, 57, 255, 255, 255
20, 58, 255, 255, 255
20, 59, 255, 255, 255
20, 60, 255, 255, 255
20, 61, 255, 255, 255
20, 62, 255, 255, 255
20, 63, 255, 255, 255
21, 0, 255, 255, 255
21, 1, 255, 255, 255
21, 2, 255, 255, 255
21, 3, 255, 255, 255
21, 4, 255, 255, 255
21, 5, 255, 255, 255
21, 6, 255, 255, 255
21, 7, 255, 255, 255
21, 8, 255, 255, 255
21, 9, 255, 255, 255
21, 10, 255, 255, 255
21, 11, 255, 255, 255
21, 12, 255, 255, 255
21, 13, 255, 255, 255
21, 14, 255, 255, 255
21, 15, 255, 255, 255
21, 16, 255, 255, 255
21, 17, 255, 255, 255
21, 18, 255, 255, 255
21, 19, 88, 112, 64
21, 20, 120, 168, 64
21, 21, 120, 168, 64
21, 22, 88, 112, 64
21, 23, 120, 168, 64
21, 24, 120, 168, 64
21, 25, 184, 248, 112
21, 26, 40, 88, 96
21, 27, 40, 88, 96
21, 28, 40, 88, 96
21, 29, 120, 168, 64
21, 30, 120, 168, 64
21, 31, 120, 168, 64
21, 32, 120, 168, 64
21, 33, 88, 112, 64
21, 34, 120, 168, 64
21, 35, 152, 208, 72
21, 36, 184, 248, 112
21, 37, 152, 208, 72
21, 38, 88, 112, 64
21, 39, 120, 168, 64
21, 40, 24, 16, 16
21, 41, 255, 255, 255
21, 42, 255, 255, 255
21, 43, 255, 255, 255
21, 44, 255, 255, 255
21, 45, 255, 255, 255
21, 46, 255, 255, 255
21, 47, 255, 255, 255
21, 48, 255, 255, 255
21, 49, 255, 255, 255
21, 50, 255, 255, 255
21, 51, 255, 255, 255
21, 52, 255, 255, 255
21, 53, 255, 255, 255
21, 54, 255, 255, 255
21, 55, 255, 255, 255
21, 56, 255, 255, 255
21, 57, 255, 255, 255
21, 58, 255, 255, 255
21, 59, 255, 255, 255
21, 60, 255, 255, 255
21, 61, 255, 255, 255
21, 62, 255, 255, 255
21, 63, 255, 255, 255
22, 0, 255, 255, 255
22, 1, 255, 255, 255
22, 2, 255, 255, 255
22, 3, 255, 255, 255
22, 4, 255, 255, 255
22, 5, 255, 255, 255
22, 6, 255, 255, 255
22, 7, 255, 255, 255
22, 8, 255, 255, 255
22, 9, 255, 255, 255
22, 10, 255, 255, 255
22, 11, 255, 255, 255
22, 12, 255, 255, 255
22, 13, 255, 255, 255
22, 14, 96, 144, 152
22, 15, 40, 88, 96
22, 16, 40, 88, 96
22, 17, 255, 255, 255
22, 18, 255, 255, 255
22, 19, 88, 112, 64
22, 20, 120, 168, 64
22, 21, 120, 168, 64
22, 22, 88, 112, 64
22, 23, 120, 168, 64
22, 24, 120, 168, 64
22, 25, 40, 88, 96
22, 26, 128, 232, 192
22, 27, 128, 232, 192
22, 28, 96, 208, 160
22, 29, 40, 88, 96
22, 30, 120, 168, 64
22, 31, 120, 168, 64
22, 32, 120, 168, 64
22, 33, 88, 112, 64
22, 34, 120, 168, 64
22, 35, 152, 208, 72
22, 36, 184, 248, 112
22, 37, 152, 208, 72
22, 38, 120, 168, 64
22, 39, 88, 112, 64
22, 40, 120, 168, 64
22, 41, 24, 16, 16
22, 42, 255, 255, 255
22, 43, 255, 255, 255
22, 44, 255, 255, 255
22, 45, 255, 255, 255
22, 46, 255, 255, 255
22, 47, 255, 255, 255
22, 48, 255, 255, 255
22, 49, 255, 255, 255
22, 50, 255, 255, 255
22, 51, 255, 255, 255
22, 52, 255, 255, 255
22, 53, 255, 255, 255
22, 54, 255, 255, 255
22, 55, 255, 255, 255
22, 56, 255, 255, 255
22, 57, 255, 255, 255
22, 58, 255, 255, 255
22, 59, 255, 255, 255
22, 60, 255, 255, 255
22, 61, 255, 255, 255
22, 62, 255, 255, 255
22, 63, 255, 255, 255
23, 0, 255, 255, 255
23, 1, 255, 255, 255
23, 2, 255, 255, 255
23, 3, 255, 255, 255
23, 4, 255, 255, 255
23, 5, 255, 255, 255
23, 6, 255, 255, 255
23, 7, 255, 255, 255
23, 8, 255, 255, 255
23, 9, 255, 255, 255
23, 10, 255, 255, 255
23, 11, 255, 255, 255
23, 12, 255, 255, 255
23, 13, 96, 144, 152
23, 14, 128, 232, 192
23, 15, 96, 208, 160
23, 16, 96, 208, 160
23, 17, 40, 88, 96
23, 18, 255, 255, 255
23, 19, 40, 88, 96
23, 20, 96, 144, 152
23, 21, 96, 144, 152
23, 22, 96, 144, 152
23, 23, 96, 144, 152
23, 24, 40, 88, 96
23, 25, 128, 232, 192
23, 26, 128, 232, 192
23, 27, 96, 208, 160
23, 28, 96, 208, 160
23, 29, 96, 144, 152
23, 30, 40, 88, 96
23, 31, 120, 168, 64
23, 32, 120, 168, 64
23, 33, 88, 112, 64
23, 34, 120, 168, 64
23, 35, 152, 208, 72
23, 36, 184, 248, 112
23, 37, 152, 208, 72
23, 38, 152, 208, 72
23, 39, 88, 112, 64
23, 40, 120, 168, 64
23, 41, 24, 16, 16
23, 42, 255, 255, 255
23, 43, 255, 255, 255
23, 44, 255, 255, 255
23, 45, 255, 255, 255
23, 46, 255, 255, 255
23, 47, 255, 255, 255
23, 48, 255, 255, 255
23, 49, 255, 255, 255
23, 50, 255, 255, 255
23, 51, 255, 255, 255
23, 52, 255, 255, 255
23, 53, 255, 255, 255
23, 54, 255, 255, 255
23, 55, 255, 255, 255
23, 56, 255, 255, 255
23, 57, 255, 255, 255
23, 58, 255, 255, 255
23, 59, 255, 255, 255
23, 60, 255, 255, 255
23, 61, 255, 255, 255
23, 62, 255, 255, 255
23, 63, 255, 255, 255
24, 0, 255, 255, 255
24, 1, 255, 255, 255
24, 2, 255, 255, 255
24, 3, 255, 255, 255
24, 4, 255, 255, 255
24, 5, 255, 255, 255
24, 6, 255, 255, 255
24, 7, 255, 255, 255
24, 8, 255, 255, 255
24, 9, 255, 255, 255
24, 10, 255, 255, 255
24, 11, 255, 255, 255
24, 12, 255, 255, 255
24, 13, 96, 144, 152
24, 14, 128, 232, 192
24, 15, 128, 232, 192
24, 16, 96, 208, 160
24, 17, 40, 88, 96
24, 18, 40, 88, 96
24, 19, 96, 208, 160
24, 20, 96, 208, 160
24, 21, 96, 208, 160
24, 22, 96, 208, 160
24, 23, 96, 208, 160
24, 24, 40, 88, 96
24, 25, 96, 208, 160
24, 26, 96, 208, 160
24, 27, 96, 208, 160
24, 28, 96, 144, 152
24, 29, 96, 144, 152
24, 30, 40, 88, 96
24, 31, 120, 168, 64
24, 32, 88, 112, 64
24, 33, 120, 168, 64
24, 34, 152, 208, 72
24, 35, 184, 248, 112
24, 36, 184, 248, 112
24, 37, 152, 208, 72
24, 38, 152, 208, 72
24, 39, 120, 168, 64
24, 40, 88, 112, 64
24, 41, 120, 168, 64
24, 42, 24, 16, 16
24, 43, 255, 255, 255
24, 44, 255, 255, 255
24, 45, 255, 255, 255
24, 46, 255, 255, 255
24, 47, 255, 255, 255
24, 48, 255, 255, 255
24, 49, 255, 255, 255
24, 50, 255, 255, 255
24, 51, 255, 255, 255
24, 52, 255, 255, 255
24, 53, 255, 255, 255
24, 54, 255, 255, 255
24, 55, 255, 255, 255
24, 56, 255, 255, 255
24, 57, 255, 255, 255
24, 58, 255, 255, 255
24, 59, 255, 255, 255
24, 60, 255, 255, 255
24, 61, 255, 255, 255
24, 62, 255, 255, 255
24, 63, 255, 255, 255
25, 0, 255, 255, 255
25, 1, 255, 255, 255
25, 2, 255, 255, 255
25, 3, 255, 255, 255
25, 4, 255, 255, 255
25, 5, 255, 255, 255
25, 6, 255, 255, 255
25, 7, 255, 255, 255
25, 8, 255, 255, 255
25, 9, 255, 255, 255
25, 10, 255, 255, 255
25, 11, 255, 255, 255
25, 12, 255, 255, 255
25, 13, 96, 144, 152
25, 14, 128, 232, 192
25, 15, 128, 232, 192
25, 16, 128, 232, 192
25, 17, 128, 232, 192
25, 18, 128, 232, 192
25, 19, 128, 232, 192
25, 20, 96, 208, 160
25, 21, 96, 208, 160
25, 22, 96, 208, 160
25, 23, 96, 208, 160
25, 24, 96, 208, 160
25, 25, 40, 88, 96
25, 26, 96, 208, 160
25, 27, 96, 144, 152
25, 28, 96, 144, 152
25, 29, 40, 88, 96
25, 30, 120, 168, 64
25, 31, 88, 112, 64
25, 32, 120, 168, 64
25, 33, 120, 168, 64
25, 34, 152, 208, 72
25, 35, 184, 248, 112
25, 36, 184, 248, 112
25, 37, 152, 208, 72
25, 38, 120, 168, 64
25, 39, 120, 168, 64
25, 40, 88, 112, 64
25, 41, 120, 168, 64
25, 42, 24, 16, 16
25, 43, 255, 255, 255
25, 44, 255, 255, 255
25, 45, 255, 255, 255
25, 46, 255, 255, 255
25, 47, 255, 255, 255
25, 48, 255, 255, 255
25, 49, 255, 255, 255
25, 50, 255, 255, 255
25, 51, 255, 255, 255
25, 52, 255, 255, 255
25, 53, 255, 255, 255
25, 54, 255, 255, 255
25, 55, 255, 255, 255
25, 56, 255, 255, 255
25, 57, 255, 255, 255
25, 58, 255, 255, 255
25, 59, 255, 255, 255
25, 60, 255, 255, 255
25, 61, 255, 255, 255
25, 62, 255, 255, 255
25, 63, 255, 255, 255
26, 0, 255, 255, 255
26, 1, 255, 255, 255
26, 2, 255, 255, 255
26, 3, 255, 255, 255
26, 4, 255, 255, 255
26, 5, 255, 255, 255
26, 6, 255, 255, 255
26, 7, 255, 255, 255
26, 8, 255, 255, 255
26, 9, 255, 255, 255
26, 10, 255, 255, 255
26, 11, 255, 255, 255
26, 12, 255, 255, 255
26, 13, 255, 255, 255
26, 14, 96, 144, 152
26, 15, 128, 232, 192
26, 16, 128, 232, 192
26, 17, 128, 232, 192
26, 18, 128, 232, 192
26, 19, 128, 232, 192
26, 20, 96, 208, 160
26, 21, 96, 144, 152
26, 22, 96, 144, 152
26, 23, 96, 208, 160
26, 24, 96, 208, 160
26, 25, 96, 144, 152
26, 26, 96, 144, 152
26, 27, 96, 144, 152
26, 28, 96, 144, 152
26, 29, 96, 144, 152
26, 30, 40, 88, 96
26, 31, 40, 88, 96
26, 32, 120, 168, 64
26, 33, 152, 208, 72
26, 34, 184, 248, 112
26, 35, 184, 248, 112
26, 36, 152, 208, 72
26, 37, 152, 208, 72
26, 38, 120, 168, 64
26, 39, 120, 168, 64
26, 40, 88, 112, 64
26, 41, 120, 168, 64
26, 42, 24, 16, 16
26, 43, 255, 255, 255
26, 44, 255, 255, 255
26, 45, 255, 255, 255
26, 46, 255, 255, 255
26, 47, 255, 255, 255
26, 48, 255, 255, 255
26, 49, 255, 255, 255
26, 50, 255, 255, 255
26, 51, 255, 255, 255
26, 52, 255, 255, 255
26, 53, 255, 255, 255
26, 54, 255, 255, 255
26, 55, 255, 255, 255
26, 56, 255, 255, 255
26, 57, 255, 255, 255
26, 58, 255, 255, 255
26, 59, 255, 255, 255
26, 60, 255, 255, 255
26, 61, 255, 255, 255
26, 62, 255, 255, 255
26, 63, 255, 255, 255
27, 0, 255, 255, 255
27, 1, 255, 255, 255
27, 2, 255, 255, 255
27, 3, 255, 255, 255
27, 4, 255, 255, 255
27, 5, 255, 255, 255
27, 6, 255, 255, 255
27, 7, 255, 255, 255
27, 8, 255, 255, 255
27, 9, 255, 255, 255
27, 10, 255, 255, 255
27, 11, 255, 255, 255
27, 12, 255, 255, 255
27, 13, 96, 144, 152
27, 14, 128, 232, 192
27, 15, 128, 232, 192
27, 16, 128, 232, 192
27, 17, 128, 232, 192
27, 18, 128, 232, 192
27, 19, 96, 208, 160
27, 20, 96, 144, 152
27, 21, 96, 144, 152
27, 22, 96, 208, 160
27, 23, 96, 208, 160
27, 24, 96, 144, 152
27, 25, 24, 16, 16
27, 26, 96, 144, 152
27, 27, 96, 144, 152
27, 28, 96, 144, 152
27, 29, 96, 144, 152
27, 30, 96, 144, 152
27, 31, 40, 88, 96
27, 32, 40, 88, 96
27, 33, 120, 168, 64
27, 34, 152, 208, 72
27, 35, 152, 208, 72
27, 36, 152, 208, 72
27, 37, 120, 168, 64
27, 38, 120, 168, 64
27, 39, 120, 168, 64
27, 40, 88, 112, 64
27, 41, 120, 168, 64
27, 42, 24, 16, 16
27, 43, 255, 255, 255
27, 44, 255, 255, 255
27, 45, 255, 255, 255
27, 46, 255, 255, 255
27, 47, 255, 255, 255
27, 48, 255, 255, 255
27, 49, 255, 255, 255
27, 50, 255, 255, 255
27, 51, 255, 255, 255
27, 52, 255, 255, 255
27, 53, 255, 255, 255
27, 54, 255, 255, 255
27, 55, 255, 255, 255
27, 56, 255, 255, 255
27, 57, 255, 255, 255
27, 58, 255, 255, 255
27, 59, 255, 255, 255
27, 60, 255, 255, 255
27, 61, 255, 255, 255
27, 62, 255, 255, 255
27, 63, 255, 255, 255
28, 0, 255, 255, 255
28, 1, 255, 255, 255
28, 2, 255, 255, 255
28, 3, 255, 255, 255
28, 4, 255, 255, 255
28, 5, 255, 255, 255
28, 6, 255, 255, 255
28, 7, 255, 255, 255
28, 8, 255, 255, 255
28, 9, 255, 255, 255
28, 10, 255, 255, 255
28, 11, 255, 255, 255
28, 12, 96, 144, 152
28, 13, 128, 232, 192
28, 14, 128, 232, 192
28, 15, 24, 16, 16
28, 16, 128, 232, 192
28, 17, 128, 232, 192
28, 18, 96, 208, 160
28, 19, 96, 208, 160
28, 20, 96, 208, 160
28, 21, 96, 208, 160
28, 22, 96, 208, 160
28, 23, 96, 144, 152
28, 24, 24, 16, 16
28, 25, 24, 16, 16
28, 26, 96, 144, 152
28, 27, 96, 144, 152
28, 28, 96, 144, 152
28, 29, 40, 88, 96
28, 30, 96, 144, 152
28, 31, 96, 144, 152
28, 32, 40, 88, 96
28, 33, 40, 88, 96
28, 34, 120, 168, 64
28, 35, 120, 168, 64
28, 36, 120, 168, 64
28, 37, 120, 168, 64
28, 38, 120, 168, 64
28, 39, 88, 112, 64
28, 40, 120, 168, 64
28, 41, 88, 112, 64
28, 42, 24, 16, 16
28, 43, 255, 255, 255
28, 44, 255, 255, 255
28, 45, 255, 255, 255
28, 46, 255, 255, 255
28, 47, 255, 255, 255
28, 48, 255, 255, 255
28, 49, 255, 255, 255
28, 50, 255, 255, 255
28, 51, 255, 255, 255
28, 52, 255, 255, 255
28, 53, 255, 255, 255
28, 54, 255, 255, 255
28, 55, 255, 255, 255
28, 56, 255, 255, 255
28, 57, 255, 255, 255
28, 58, 255, 255, 255
28, 59, 255, 255, 255
28, 60, 255, 255, 255
28, 61, 255, 255, 255
28, 62, 255, 255, 255
28, 63, 255, 255, 255
29, 0, 255, 255, 255
29, 1, 255, 255, 255
29, 2, 255, 255, 255
29, 3, 255, 255, 255
29, 4, 255, 255, 255
29, 5, 255, 255, 255
29, 6, 255, 255, 255
29, 7, 255, 255, 255
29, 8, 255, 255, 255
29, 9, 255, 255, 255
29, 10, 255, 255, 255
29, 11, 255, 255, 255
29, 12, 96, 144, 152
29, 13, 128, 232, 192
29, 14, 24, 16, 16
29, 15, 255, 239, 255
29, 16, 24, 16, 16
29, 17, 96, 208, 160
29, 18, 96, 208, 160
29, 19, 96, 208, 160
29, 20, 96, 208, 160
29, 21, 96, 208, 160
29, 22, 96, 144, 152
29, 23, 24, 16, 16
29, 24, 255, 239, 255
29, 25, 200, 200, 200
29, 26, 24, 16, 16
29, 27, 96, 144, 152
29, 28, 96, 144, 152
29, 29, 40, 88, 96
29, 30, 40, 88, 96
29, 31, 96, 144, 152
29, 32, 96, 144, 152
29, 33, 40, 88, 96
29, 34, 24, 16, 16
29, 35, 120, 168, 64
29, 36, 120, 168, 64
29, 37, 120, 168, 64
29, 38, 88, 112, 64
29, 39, 120, 168, 64
29, 40, 88, 112, 64
29, 41, 88, 112, 64
29, 42, 24, 16, 16
29, 43, 255, 255, 255
29, 44, 255, 255, 255
29, 45, 255, 255, 255
29, 46, 255, 255, 255
29, 47, 255, 255, 255
29, 48, 255, 255, 255
29, 49, 255, 255, 255
29, 50, 255, 255, 255
29, 51, 255, 255, 255
29, 52, 255, 255, 255
29, 53, 255, 255, 255
29, 54, 255, 255, 255
29, 55, 255, 255, 255
29, 56, 255, 255, 255
29, 57, 255, 255, 255
29, 58, 255, 255, 255
29, 59, 255, 255, 255
29, 60, 255, 255, 255
29, 61, 255, 255, 255
29, 62, 255, 255, 255
29, 63, 255, 255, 255
30, 0, 255, 255, 255
30, 1, 255, 255, 255
30, 2, 255, 255, 255
30, 3, 255, 255, 255
30, 4, 255, 255, 255
30, 5, 255, 255, 255
30, 6, 255, 255, 255
30, 7, 255, 255, 255
30, 8, 255, 255, 255
30, 9, 255, 255, 255
30, 10, 255, 255, 255
30, 11, 255, 255, 255
30, 12, 96, 144, 152
30, 13, 24, 16, 16
30, 14, 200, 200, 200
30, 15, 24, 16, 16
30, 16, 24, 16, 16
30, 17, 96, 208, 160
30, 18, 96, 208, 160
30, 19, 96, 208, 160
30, 20, 96, 208, 160
30, 21, 96, 208, 160
30, 22, 96, 144, 152
30, 23, 24, 16, 16
30, 24, 24, 16, 16
30, 25, 200, 200, 200
30, 26, 200, 200, 200
30, 27, 24, 16, 16
30, 28, 96, 144, 152
30, 29, 96, 144, 152
30, 30, 96, 144, 152
30, 31, 96, 144, 152
30, 32, 96, 144, 152
30, 33, 96, 144, 152
30, 34, 96, 144, 152
30, 35, 40, 88, 96
30, 36, 88, 112, 64
30, 37, 88, 112, 64
30, 38, 88, 112, 64
30, 39, 88, 112, 64
30, 40, 88, 112, 64
30, 41, 88, 112, 64
30, 42, 24, 16, 16
30, 43, 255, 255, 255
30, 44, 255, 255, 255
30, 45, 255, 255, 255
30, 46, 255, 255, 255
30, 47, 255, 255, 255
30, 48, 255, 255, 255
30, 49, 255, 255, 255
30, 50, 255, 255, 255
30, 51, 255, 255, 255
30, 52, 255, 255, 255
30, 53, 255, 255, 255
30, 54, 255, 255, 255
30, 55, 255, 255, 255
30, 56, 255, 255, 255
30, 57, 255, 255, 255
30, 58, 255, 255, 255
30, 59, 255, 255, 255
30, 60, 255, 255, 255
30, 61, 255, 255, 255
30, 62, 255, 255, 255
30, 63, 255, 255, 255
31, 0, 255, 255, 255
31, 1, 255, 255, 255
31, 2, 255, 255, 255
31, 3, 255, 255, 255
31, 4, 255, 255, 255
31, 5, 255, 255, 255
31, 6, 255, 255, 255
31, 7, 255, 255, 255
31, 8, 255, 255, 255
31, 9, 255, 255, 255
31, 10, 255, 255, 255
31, 11, 40, 88, 96
31, 12, 128, 232, 192
31, 13, 24, 16, 16
31, 14, 255, 239, 255
31, 15, 24, 16, 16
31, 16, 96, 208, 160
31, 17, 96, 208, 160
31, 18, 96, 208, 160
31, 19, 96, 208, 160
31, 20, 96, 208, 160
31, 21, 96, 208, 160
31, 22, 96, 208, 160
31, 23, 24, 16, 16
31, 24, 24, 16, 16
31, 25, 255, 239, 255
31, 26, 255, 239, 255
31, 27, 24, 16, 16
31, 28, 96, 144, 152
31, 29, 96, 144, 152
31, 30, 96, 144, 152
31, 31, 96, 144, 152
31, 32, 96, 144, 152
31, 33, 40, 88, 96
31, 34, 96, 144, 152
31, 35, 96, 144, 152
31, 36, 40, 88, 96
31, 37, 88, 112, 64
31, 38, 88, 112, 64
31, 39, 88, 112, 64
31, 40, 88, 112, 64
31, 41, 24, 16, 16
31, 42, 255, 255, 255
31, 43, 255, 255, 255
31, 44, 255, 255, 255
31, 45, 255, 255, 255
31, 46, 255, 255, 255
31, 47, 255, 255, 255
31, 48, 255, 255, 255
31, 49, 255, 255, 255
31, 50, 255, 255, 255
31, 51, 255, 255, 255
31, 52, 255, 255, 255
31, 53, 255, 255, 255
31, 54, 255, 255, 255
31, 55, 255, 255, 255
31, 56, 255, 255, 255
31, 57, 255, 255, 255
31, 58, 255, 255, 255
31, 59, 255, 255, 255
31, 60, 255, 255, 255
31, 61, 255, 255, 255
31, 62, 255, 255, 255
31, 63, 255, 255, 255
32, 0, 255, 255, 255
32, 1, 255, 255, 255
32, 2, 255, 255, 255
32, 3, 255, 255, 255
32, 4, 255, 255, 255
32, 5, 255, 255, 255
32, 6, 255, 255, 255
32, 7, 255, 255, 255
32, 8, 255, 255, 255
32, 9, 255, 255, 255
32, 10, 255, 255, 255
32, 11, 40, 88, 96
32, 12, 96, 208, 160
32, 13, 96, 208, 160
32, 14, 96, 208, 160
32, 15, 96, 208, 160
32, 16, 96, 208, 160
32, 17, 96, 208, 160
32, 18, 96, 208, 160
32, 19, 96, 208, 160
32, 20, 96, 208, 160
32, 21, 96, 208, 160
32, 22, 96, 208, 160
32, 23, 96, 208, 160
32, 24, 96, 144, 152
32, 25, 40, 88, 96
32, 26, 40, 88, 96
32, 27, 40, 88, 96
32, 28, 96, 144, 152
32, 29, 96, 144, 152
32, 30, 96, 144, 152
32, 31, 96, 144, 152
32, 32, 40, 88, 96
32, 33, 40, 88, 96
32, 34, 96, 144, 152
32, 35, 96, 144, 152
32, 36, 40, 88, 96
32, 37, 88, 112, 64
32, 38, 88, 112, 64
32, 39, 88, 112, 64
32, 40, 24, 16, 16
32, 41, 255, 255, 255
32, 42, 255, 255, 255
32, 43, 255, 255, 255
32, 44, 255, 255, 255
32, 45, 255, 255, 255
32, 46, 255, 255, 255
32, 47, 255, 255, 255
32, 48, 255, 255, 255
32, 49, 255, 255, 255
32, 50, 255, 255, 255
32, 51, 255, 255, 255
32, 52, 255, 255, 255
32, 53, 255, 255, 255
32, 54, 255, 255, 255
32, 55, 255, 255, 255
32, 56, 255, 255, 255
32, 57, 255, 255, 255
32, 58, 255, 255, 255
32, 59, 255, 255, 255
32, 60, 255, 255, 255
32, 61, 255, 255, 255
32, 62, 255, 255, 255
32, 63, 255, 255, 255
33, 0, 255, 255, 255
33, 1, 255, 255, 255
33, 2, 255, 255, 255
33, 3, 255, 255, 255
33, 4, 255, 255, 255
33, 5, 255, 255, 255
33, 6, 255, 255, 255
33, 7, 255, 255, 255
33, 8, 255, 255, 255
33, 9, 255, 255, 255
33, 10, 96, 144, 152
33, 11, 128, 232, 192
33, 12, 40, 88, 96
33, 13, 40, 88, 96
33, 14, 248, 248, 248
33, 15, 184, 40, 32
33, 16, 184, 40, 32
33, 17, 184, 40, 32
33, 18, 184, 40, 32
33, 19, 184, 40, 32
33, 20, 184, 40, 32
33, 21, 184, 40, 32
33, 22, 184, 40, 32
33, 23, 248, 248, 248
33, 24, 40, 88, 96
33, 25, 128, 232, 192
33, 26, 128, 232, 192
33, 27, 128, 232, 192
33, 28, 40, 88, 96
33, 29, 96, 144, 152
33, 30, 96, 144, 152
33, 31, 96, 144, 152
33, 32, 40, 88, 96
33, 33, 40, 88, 96
33, 34, 96, 144, 152
33, 35, 96, 144, 152
33, 36, 40, 88, 96
33, 37, 88, 112, 64
33, 38, 88, 112, 64
33, 39, 24, 16, 16
33, 40, 255, 255, 255
33, 41, 255, 255, 255
33, 42, 255, 255, 255
33, 43, 255, 255, 255
33, 44, 255, 255, 255
33, 45, 255, 255, 255
33, 46, 255, 255, 255
33, 47, 255, 255, 255
33, 48, 255, 255, 255
33, 49, 255, 255, 255
33, 50, 255, 255, 255
33, 51, 255, 255, 255
33, 52, 255, 255, 255
33, 53, 255, 255, 255
33, 54, 255, 255, 255
33, 55, 255, 255, 255
33, 56, 255, 255, 255
33, 57, 255, 255, 255
33, 58, 255, 255, 255
33, 59, 255, 255, 255
33, 60, 255, 255, 255
33, 61, 255, 255, 255
33, 62, 255, 255, 255
33, 63, 255, 255, 255
34, 0, 255, 255, 255
34, 1, 255, 255, 255
34, 2, 255, 255, 255
34, 3, 255, 255, 255
34, 4, 255, 255, 255
34, 5, 255, 255, 255
34, 6, 255, 255, 255
34, 7, 255, 255, 255
34, 8, 255, 255, 255
34, 9, 255, 255, 255
34, 10, 255, 255, 255
34, 11, 96, 144, 152
34, 12, 128, 232, 192
34, 13, 96, 208, 160
34, 14, 40, 88, 96
34, 15, 216, 72, 64
34, 16, 216, 72, 64
34, 17, 216, 72, 64
34, 18, 216, 72, 64
34, 19, 216, 72, 64
34, 20, 216, 72, 64
34, 21, 216, 72, 64
34, 22, 216, 72, 64
34, 23, 40, 88, 96
34, 24, 128, 232, 192
34, 25, 128, 232, 192
34, 26, 128, 232, 192
34, 27, 128, 232, 192
34, 28, 96, 208, 160
34, 29, 40, 88, 96
34, 30, 96, 144, 152
34, 31, 96, 144, 152
34, 32, 96, 144, 152
34, 33, 96, 144, 152
34, 34, 96, 144, 152
34, 35, 96, 144, 152
34, 36, 96, 144, 152
34, 37, 40, 88, 96
34, 38, 24, 16, 16
34, 39, 255, 255, 255
34, 40, 255, 255, 255
34, 41, 255, 255, 255
34, 42, 255, 255, 255
34, 43, 255, 255, 255
34, 44, 255, 255, 255
34, 45, 255, 255, 255
34, 46, 255, 255, 255
34, 47, 255, 255, 255
34, 48, 255, 255, 255
34, 49, 255, 255, 255
34, 50, 255, 255, 255
34, 51, 255, 255, 255
34, 52, 255, 255, 255
34, 53, 255, 255, 255
34, 54, 255, 255, 255
34, 55, 255, 255, 255
34, 56, 255, 255, 255
34, 57, 255, 255, 255
34, 58, 255, 255, 255
34, 59, 255, 255, 255
34, 60, 255, 255, 255
34, 61, 255, 255, 255
34, 62, 255, 255, 255
34, 63, 255, 255, 255
35, 0, 255, 255, 255
35, 1, 255, 255, 255
35, 2, 255, 255, 255
35, 3, 255, 255, 255
35, 4, 255, 255, 255
35, 5, 255, 255, 255
35, 6, 255, 255, 255
35, 7, 255, 255, 255
35, 8, 255, 255, 255
35, 9, 96, 144, 152
35, 10, 96, 144, 152
35, 11, 128, 232, 192
35, 12, 128, 232, 192
35, 13, 128, 232, 192
35, 14, 128, 232, 192
35, 15, 40, 88, 96
35, 16, 96, 144, 152
35, 17, 96, 208, 160
35, 18, 96, 208, 160
35, 19, 96, 208, 160
35, 20, 96, 208, 160
35, 21, 96, 208, 160
35, 22, 96, 208, 160
35, 23, 40, 88, 96
35, 24, 128, 232, 192
35, 25, 128, 232, 192
35, 26, 128, 232, 192
35, 27, 128, 232, 192
35, 28, 96, 208, 160
35, 29, 96, 208, 160
35, 30, 96, 144, 152
35, 31, 40, 88, 96
35, 32, 96, 144, 152
35, 33, 96, 144, 152
35, 34, 40, 88, 96
35, 35, 40, 88, 96
35, 36, 96, 144, 152
35, 37, 96, 144, 152
35, 38, 40, 88, 96
35, 39, 255, 255, 255
35, 40, 255, 255, 255
35, 41, 255, 255, 255
35, 42, 255, 255, 255
35, 43, 255, 255, 255
35, 44, 255, 255, 255
35, 45, 255, 255, 255
35, 46, 255, 255, 255
35, 47, 255, 255, 255
35, 48, 255, 255, 255
35, 49, 255, 255, 255
35, 50, 255, 255, 255
35, 51, 255, 255, 255
35, 52, 255, 255, 255
35, 53, 255, 255, 255
35, 54, 255, 255, 255
35, 55, 255, 255, 255
35, 56, 255, 255, 255
35, 57, 255, 255, 255
35, 58, 255, 255, 255
35, 59, 255, 255, 255
35, 60, 255, 255, 255
35, 61, 255, 255, 255
35, 62, 255, 255, 255
35, 63, 255, 255, 255
36, 0, 255, 255, 255
36, 1, 255, 255, 255
36, 2, 255, 255, 255
36, 3, 255, 255, 255
36, 4, 255, 255, 255
36, 5, 255, 255, 255
36, 6, 255, 255, 255
36, 7, 255, 255, 255
36, 8, 255, 255, 255
36, 9, 255, 255, 255
36, 10, 96, 144, 152
36, 11, 128, 232, 192
36, 12, 128, 232, 192
36, 13, 128, 232, 192
36, 14, 128, 232, 192
36, 15, 128, 232, 192
36, 16, 40, 88, 96
36, 17, 40, 88, 96
36, 18, 40, 88, 96
36, 19, 40, 88, 96
36, 20, 40, 88, 96
36, 21, 40, 88, 96
36, 22, 40, 88, 96
36, 23, 40, 88, 96
36, 24, 128, 232, 192
36, 25, 128, 232, 192
36, 26, 128, 232, 192
36, 27, 96, 208, 160
36, 28, 96, 208, 160
36, 29, 96, 208, 160
36, 30, 96, 144, 152
36, 31, 96, 144, 152
36, 32, 96, 144, 152
36, 33, 96, 144, 152
36, 34, 96, 144, 152
36, 35, 96, 144, 152
36, 36, 96, 144, 152
36, 37, 96, 144, 152
36, 38, 96, 144, 152
36, 39, 40, 88, 96
36, 40, 255, 255, 255
36, 41, 255, 255, 255
36, 42, 255, 255, 255
36, 43, 255, 255, 255
36, 44, 255, 255, 255
36, 45, 255, 255, 255
36, 46, 255, 255, 255
36, 47, 255, 255, 255
36, 48, 255, 255, 255
36, 49, 255, 255, 255
36, 50, 255, 255, 255
36, 51, 255, 255, 255
36, 52, 255, 255, 255
36, 53, 255, 255, 255
36, 54, 255, 255, 255
36, 55, 255, 255, 255
36, 56, 255, 255, 255
36, 57, 255, 255, 255
36, 58, 255, 255, 255
36, 59, 255, 255, 255
36, 60, 255, 255, 255
36, 61, 255, 255, 255
36, 62, 255, 255, 255
36, 63, 255, 255, 255
37, 0, 255, 255, 255
37, 1, 255, 255, 255
37, 2, 255, 255, 255
37, 3, 255, 255, 255
37, 4, 255, 255, 255
37, 5, 255, 255, 255
37, 6, 255, 255, 255
37, 7, 255, 255, 255
37, 8, 255, 255, 255
37, 9, 255, 255, 255
37, 10, 255, 255, 255
37, 11, 96, 144, 152
37, 12, 128, 232, 192
37, 13, 128, 232, 192
37, 14, 128, 232, 192
37, 15, 96, 208, 160
37, 16, 96, 208, 160
37, 17, 24, 16, 16
37, 18, 128, 232, 192
37, 19, 128, 232, 192
37, 20, 128, 232, 192
37, 21, 128, 232, 192
37, 22, 128, 232, 192
37, 23, 128, 232, 192
37, 24, 40, 88, 96
37, 25, 128, 232, 192
37, 26, 96, 208, 160
37, 27, 96, 208, 160
37, 28, 96, 208, 160
37, 29, 96, 144, 152
37, 30, 96, 144, 152
37, 31, 96, 144, 152
37, 32, 96, 144, 152
37, 33, 40, 88, 96
37, 34, 96, 208, 160
37, 35, 96, 208, 160
37, 36, 96, 144, 152
37, 37, 96, 144, 152
37, 38, 96, 144, 152
37, 39, 96, 144, 152
37, 40, 40, 88, 96
37, 41, 255, 255, 255
37, 42, 255, 255, 255
37, 43, 255, 255, 255
37, 44, 255, 255, 255
37, 45, 255, 255, 255
37, 46, 255, 255, 255
37, 47, 255, 255, 255
37, 48, 255, 255, 255
37, 49, 255, 255, 255
37, 50, 255, 255, 255
37, 51, 255, 255, 255
37, 52, 255, 255, 255
37, 53, 255, 255, 255
37, 54, 255, 255, 255
37, 55, 255, 255, 255
37, 56, 255, 255, 255
37, 57, 255, 255, 255
37, 58, 255, 255, 255
37, 59, 255, 255, 255
37, 60, 255, 255, 255
37, 61, 255, 255, 255
37, 62, 255, 255, 255
37, 63, 255, 255, 255
38, 0, 255, 255, 255
38, 1, 255, 255, 255
38, 2, 255, 255, 255
38, 3, 255, 255, 255
38, 4, 255, 255, 255
38, 5, 255, 255, 255
38, 6, 255, 255, 255
38, 7, 255, 255, 255
38, 8, 255, 255, 255
38, 9, 255, 255, 255
38, 10, 255, 255, 255
38, 11, 255, 255, 255
38, 12, 40, 88, 96
38, 13, 40, 88, 96
38, 14, 96, 208, 160
38, 15, 96, 208, 160
38, 16, 96, 144, 152
38, 17, 96, 144, 152
38, 18, 24, 16, 16
38, 19, 128, 232, 192
38, 20, 128, 232, 192
38, 21, 128, 232, 192
38, 22, 128, 232, 192
38, 23, 96, 208, 160
38, 24, 96, 208, 160
38, 25, 40, 88, 96
38, 26, 40, 88, 96
38, 27, 96, 208, 160
38, 28, 96, 144, 152
38, 29, 96, 144, 152
38, 30, 24, 16, 16
38, 31, 96, 144, 152
38, 32, 40, 88, 96
38, 33, 96, 144, 152
38, 34, 128, 232, 192
38, 35, 96, 208, 160
38, 36, 96, 208, 160
38, 37, 96, 208, 160
38, 38, 96, 144, 152
38, 39, 96, 144, 152
38, 40, 40, 88, 96
38, 41, 255, 255, 255
38, 42, 255, 255, 255
38, 43, 255, 255, 255
38, 44, 255, 255, 255
38, 45, 255, 255, 255
38, 46, 255, 255, 255
38, 47, 255, 255, 255
38, 48, 255, 255, 255
38, 49, 255, 255, 255
38, 50, 255, 255, 255
38, 51, 255, 255, 255
38, 52, 255, 255, 255
38, 53, 255, 255, 255
38, 54, 255, 255, 255
38, 55, 255, 255, 255
38, 56, 255, 255, 255
38, 57, 255, 255, 255
38, 58, 255, 255, 255
38, 59, 255, 255, 255
38, 60, 255, 255, 255
38, 61, 255, 255, 255
38, 62, 255, 255, 255
38, 63, 255, 255, 255
39, 0, 255, 255, 255
39, 1, 255, 255, 255
39, 2, 255, 255, 255
39, 3, 255, 255, 255
39, 4, 255, 255, 255
39, 5, 255, 255, 255
39, 6, 255, 255, 255
39, 7, 255, 255, 255
39, 8, 255, 255, 255
39, 9, 255, 255, 255
39, 10, 255, 255, 255
39, 11, 255, 255, 255
39, 12, 255, 255, 255
39, 13, 255, 255, 255
39, 14, 40, 88, 96
39, 15, 40, 88, 96
39, 16, 40, 88, 96
39, 17, 40, 88, 96
39, 18, 96, 144, 152
39, 19, 24, 16, 16
39, 20, 96, 208, 160
39, 21, 96, 208, 160
39, 22, 96, 208, 160
39, 23, 96, 208, 160
39, 24, 96, 208, 160
39, 25, 96, 208, 160
39, 26, 96, 208, 160
39, 27, 24, 16, 16
39, 28, 24, 16, 16
39, 29, 24, 16, 16
39, 30, 96, 144, 152
39, 31, 96, 144, 152
39, 32, 40, 88, 96
39, 33, 96, 208, 160
39, 34, 128, 232, 192
39, 35, 128, 232, 192
39, 36, 96, 208, 160
39, 37, 96, 208, 160
39, 38, 96, 208, 160
39, 39, 96, 144, 152
39, 40, 40, 88, 96
39, 41, 255, 255, 255
39, 42, 255, 255, 255
39, 43, 255, 255, 255
39, 44, 255, 255, 255
39, 45, 255, 255, 255
39, 46, 255, 255, 255
39, 47, 255, 255, 255
39, 48, 255, 255, 255
39, 49, 255, 255, 255
39, 50, 255, 255, 255
39, 51, 255, 255, 255
39, 52, 255, 255, 255
39, 53, 255, 255, 255
39, 54, 255, 255, 255
39, 55, 255, 255, 255
39, 56, 255, 255, 255
39, 57, 255, 255, 255
39, 58, 255, 255, 255
39, 59, 255, 255, 255
39, 60, 255, 255, 255
39, 61, 255, 255, 255
39, 62, 255, 255, 255
39, 63, 255, 255, 255
40, 0, 255, 255, 255
40, 1, 255, 255, 255
40, 2, 255, 255, 255
40, 3, 255, 255, 255
40, 4, 255, 255, 255
40, 5, 255, 255, 255
40, 6, 255, 255, 255
40, 7, 255, 255, 255
40, 8, 255, 255, 255
40, 9, 255, 255, 255
40, 10, 255, 255, 255
40, 11, 255, 255, 255
40, 12, 255, 255, 255
40, 13, 255, 255, 255
40, 14, 255, 255, 255
40, 15, 255, 255, 255
40, 16, 255, 255, 255
40, 17, 255, 255, 255
40, 18, 40, 88, 96
40, 19, 128, 232, 192
40, 20, 40, 88, 96
40, 21, 24, 16, 16
40, 22, 96, 208, 160
40, 23, 96, 208, 160
40, 24, 96, 208, 160
40, 25, 96, 208, 160
40, 26, 96, 144, 152
40, 27, 96, 144, 152
40, 28, 96, 144, 152
40, 29, 96, 144, 152
40, 30, 96, 144, 152
40, 31, 40, 88, 96
40, 32, 96, 144, 152
40, 33, 128, 232, 192
40, 34, 128, 232, 192
40, 35, 128, 232, 192
40, 36, 128, 232, 192
40, 37, 96, 208, 160
40, 38, 96, 208, 160
40, 39, 96, 144, 152
40, 40, 96, 144, 152
40, 41, 40, 88, 96
40, 42, 255, 255, 255
40, 43, 255, 255, 255
40, 44, 255, 255, 255
40, 45, 255, 255, 255
40, 46, 255, 255, 255
40, 47, 255, 255, 255
40, 48, 255, 255, 255
40, 49, 255, 255, 255
40, 50, 255, 255, 255
40, 51, 255, 255, 255
40, 52, 255, 255, 255
40, 53, 255, 255, 255
40, 54, 255, 255, 255
40, 55, 255, 255, 255
40, 56, 255, 255, 255
40, 57, 255, 255, 255
40, 58, 255, 255, 255
40, 59, 255, 255, 255
40, 60, 255, 255, 255
40, 61, 255, 255, 255
40, 62, 255, 255, 255
40, 63, 255, 255, 255
41, 0, 255, 255, 255
41, 1, 255, 255, 255
41, 2, 255, 255, 255
41, 3, 255, 255, 255
41, 4, 255, 255, 255
41, 5, 255, 255, 255
41, 6, 255, 255, 255
41, 7, 255, 255, 255
41, 8, 255, 255, 255
41, 9, 255, 255, 255
41, 10, 255, 255, 255
41, 11, 255, 255, 255
41, 12, 255, 255, 255
41, 13, 255, 255, 255
41, 14, 255, 255, 255
41, 15, 255, 255, 255
41, 16, 255, 255, 255
41, 17, 255, 255, 255
41, 18, 40, 88, 96
41, 19, 128, 232, 192
41, 20, 128, 232, 192
41, 21, 96, 208, 160
41, 22, 40, 88, 96
41, 23, 24, 16, 16
41, 24, 24, 16, 16
41, 25, 96, 144, 152
41, 26, 96, 144, 152
41, 27, 96, 144, 152
41, 28, 96, 144, 152
41, 29, 96, 144, 152
41, 30, 96, 144, 152
41, 31, 40, 88, 96
41, 32, 96, 208, 160
41, 33, 128, 232, 192
41, 34, 128, 232, 192
41, 35, 128, 232, 192
41, 36, 128, 232, 192
41, 37, 96, 208, 160
41, 38, 96, 208, 160
41, 39, 96, 144, 152
41, 40, 96, 144, 152
41, 41, 40, 88, 96
41, 42, 255, 255, 255
41, 43, 255, 255, 255
41, 44, 255, 255, 255
41, 45, 255, 255, 255
41, 46, 255, 255, 255
41, 47, 255, 255, 255
41, 48, 255, 255, 255
41, 49, 255, 255, 255
41, 50, 255, 255, 255
41, 51, 255, 255, 255
41, 52, 255, 255, 255
41, 53, 255, 255, 255
41, 54, 255, 255, 255
41, 55, 255, 255, 255
41, 56, 255, 255, 255
41, 57, 255, 255, 255
41, 58, 255, 255, 255
41, 59, 255, 255, 255
41, 60, 255, 255, 255
41, 61, 255, 255, 255
41, 62, 255, 255, 255
41, 63, 255, 255, 255
42, 0, 255, 255, 255
42, 1, 255, 255, 255
42, 2, 255, 255, 255
42, 3, 255, 255, 255
42, 4, 255, 255, 255
42, 5, 255, 255, 255
42, 6, 255, 255, 255
42, 7, 255, 255, 255
42, 8, 255, 255, 255
42, 9, 255, 255, 255
42, 10, 255, 255, 255
42, 11, 255, 255, 255
42, 12, 255, 255, 255
42, 13, 255, 255, 255
42, 14, 255, 255, 255
42, 15, 255, 255, 255
42, 16, 255, 255, 255
42, 17, 255, 255, 255
42, 18, 40, 88, 96
42, 19, 128, 232, 192
42, 20, 128, 232, 192
42, 21, 128, 232, 192
42, 22, 96, 208, 160
42, 23, 96, 208, 160
42, 24, 96, 144, 152
42, 25, 24, 16, 16
42, 26, 24, 16, 16
42, 27, 24, 16, 16
42, 28, 24, 16, 16
42, 29, 24, 16, 16
42, 30, 24, 16, 16
42, 31, 40, 88, 96
42, 32, 96, 144, 152
42, 33, 96, 208, 160
42, 34, 128, 232, 192
42, 35, 128, 232, 192
42, 36, 128, 232, 192
42, 37, 96, 208, 160
42, 38, 96, 208, 160
42, 39, 96, 144, 152
42, 40, 96, 144, 152
42, 41, 40, 88, 96
42, 42, 255, 255, 255
42, 43, 255, 255, 255
42, 44, 255, 255, 255
42, 45, 255, 255, 255
42, 46, 255, 255, 255
42, 47, 255, 255, 255
42, 48, 255, 255, 255
42, 49, 255, 255, 255
42, 50, 255, 255, 255
42, 51, 255, 255, 255
42, 52, 255, 255, 255
42, 53, 255, 255, 255
42, 54, 255, 255, 255
42, 55, 255, 255, 255
42, 56, 255, 255, 255
42, 57, 255, 255, 255
42, 58, 255, 255, 255
42, 59, 255, 255, 255
42, 60, 255, 255, 255
42, 61, 255, 255, 255
42, 62, 255, 255, 255
42, 63, 255, 255, 255
43, 0, 255, 255, 255
43, 1, 255, 255, 255
43, 2, 255, 255, 255
43, 3, 255, 255, 255
43, 4, 255, 255, 255
43, 5, 255, 255, 255
43, 6, 255, 255, 255
43, 7, 255, 255, 255
43, 8, 255, 255, 255
43, 9, 255, 255, 255
43, 10, 255, 255, 255
43, 11, 255, 255, 255
43, 12, 255, 255, 255
43, 13, 255, 255, 255
43, 14, 255, 255, 255
43, 15, 255, 255, 255
43, 16, 255, 255, 255
43, 17, 255, 255, 255
43, 18, 255, 255, 255
43, 19, 40, 88, 96
43, 20, 128, 232, 192
43, 21, 128, 232, 192
43, 22, 96, 208, 160
43, 23, 96, 208, 160
43, 24, 96, 208, 160
43, 25, 96, 144, 152
43, 26, 96, 144, 152
43, 27, 96, 144, 152
43, 28, 96, 144, 152
43, 29, 40, 88, 96
43, 30, 255, 255, 255
43, 31, 40, 88, 96
43, 32, 24, 16, 16
43, 33, 96, 144, 152
43, 34, 96, 208, 160
43, 35, 128, 232, 192
43, 36, 96, 208, 160
43, 37, 96, 208, 160
43, 38, 96, 144, 152
43, 39, 96, 144, 152
43, 40, 96, 144, 152
43, 41, 40, 88, 96
43, 42, 255, 255, 255
43, 43, 255, 255, 255
43, 44, 255, 255, 255
43, 45, 255, 255, 255
43, 46, 255, 255, 255
43, 47, 255, 255, 255
43, 48, 255, 255, 255
43, 49, 255, 255, 255
43, 50, 255, 255, 255
43, 51, 255, 255, 255
43, 52, 255, 255, 255
43, 53, 255, 255, 255
43, 54, 255, 255, 255
43, 55, 255, 255, 255
43, 56, 255, 255, 255
43, 57, 255, 255, 255
43, 58, 255, 255, 255
43, 59, 255, 255, 255
43, 60, 255, 255, 255
43, 61, 255, 255, 255
43, 62, 255, 255, 255
43, 63, 255, 255, 255
44, 0, 255, 255, 255
44, 1, 255, 255, 255
44, 2, 255, 255, 255
44, 3, 255, 255, 255
44, 4, 255, 255, 255
44, 5, 255, 255, 255
44, 6, 255, 255, 255
44, 7, 255, 255, 255
44, 8, 255, 255, 255
44, 9, 255, 255, 255
44, 10, 255, 255, 255
44, 11, 255, 255, 255
44, 12, 255, 255, 255
44, 13, 255, 255, 255
44, 14, 255, 255, 255
44, 15, 255, 255, 255
44, 16, 255, 255, 255
44, 17, 255, 255, 255
44, 18, 255, 255, 255
44, 19, 255, 255, 255
44, 20, 40, 88, 96
44, 21, 40, 88, 96
44, 22, 96, 208, 160
44, 23, 96, 208, 160
44, 24, 96, 144, 152
44, 25, 96, 144, 152
44, 26, 96, 144, 152
44, 27, 96, 144, 152
44, 28, 40, 88, 96
44, 29, 96, 144, 152
44, 30, 40, 88, 96
44, 31, 255, 255, 255
44, 32, 40, 88, 96
44, 33, 40, 88, 96
44, 34, 96, 144, 152
44, 35, 96, 144, 152
44, 36, 96, 144, 152
44, 37, 96, 144, 152
44, 38, 96, 144, 152
44, 39, 96, 144, 152
44, 40, 40, 88, 96
44, 41, 255, 255, 255
44, 42, 255, 255, 255
44, 43, 255, 255, 255
44, 44, 255, 255, 255
44, 45, 255, 255, 255
44, 46, 255, 255, 255
44, 47, 255, 255, 255
44, 48, 255, 255, 255
44, 49, 255, 255, 255
44, 50, 255, 255, 255
44, 51, 255, 255, 255
44, 52, 255, 255, 255
44, 53, 255, 255, 255
44, 54, 255, 255, 255
44, 55, 255, 255, 255
44, 56, 255, 255, 255
44, 57, 255, 255, 255
44, 58, 255, 255, 255
44, 59, 255, 255, 255
44, 60, 255, 255, 255
44, 61, 255, 255, 255
44, 62, 255, 255, 255
44, 63, 255, 255, 255
45, 0, 255, 255, 255
45, 1, 255, 255, 255
45, 2, 255, 255, 255
45, 3, 255, 255, 255
45, 4, 255, 255, 255
45, 5, 255, 255, 255
45, 6, 255, 255, 255
45, 7, 255, 255, 255
45, 8, 255, 255, 255
45, 9, 255, 255, 255
45, 10, 255, 255, 255
45, 11, 255, 255, 255
45, 12, 255, 255, 255
45, 13, 255, 255, 255
45, 14, 255, 255, 255
45, 15, 255, 255, 255
45, 16, 255, 255, 255
45, 17, 255, 255, 255
45, 18, 255, 255, 255
45, 19, 255, 255, 255
45, 20, 255, 255, 255
45, 21, 255, 255, 255
45, 22, 40, 88, 96
45, 23, 24, 16, 16
45, 24, 24, 16, 16
45, 25, 24, 16, 16
45, 26, 24, 16, 16
45, 27, 96, 144, 152
45, 28, 96, 144, 152
45, 29, 96, 144, 152
45, 30, 40, 88, 96
45, 31, 255, 255, 255
45, 32, 255, 255, 255
45, 33, 255, 255, 255
45, 34, 40, 88, 96
45, 35, 40, 88, 96
45, 36, 40, 88, 96
45, 37, 96, 144, 152
45, 38, 96, 144, 152
45, 39, 96, 144, 152
45, 40, 40, 88, 96
45, 41, 255, 255, 255
45, 42, 255, 255, 255
45, 43, 255, 255, 255
45, 44, 255, 255, 255
45, 45, 255, 255, 255
45, 46, 255, 255, 255
45, 47, 255, 255, 255
45, 48, 255, 255, 255
45, 49, 255, 255, 255
45, 50, 255, 255, 255
45, 51, 255, 255, 255
45, 52, 255, 255, 255
45, 53, 255, 255, 255
45, 54, 255, 255, 255
45, 55, 255, 255, 255
45, 56, 255, 255, 255
45, 57, 255, 255, 255
45, 58, 255, 255, 255
45, 59, 255, 255, 255
45, 60, 255, 255, 255
45, 61, 255, 255, 255
45, 62, 255, 255, 255
45, 63, 255, 255, 255
46, 0, 255, 255, 255
46, 1, 255, 255, 255
46, 2, 255, 255, 255
46, 3, 255, 255, 255
46, 4, 255, 255, 255
46, 5, 255, 255, 255
46, 6, 255, 255, 255
46, 7, 255, 255, 255
46, 8, 255, 255, 255
46, 9, 255, 255, 255
46, 10, 255, 255, 255
46, 11, 255, 255, 255
46, 12, 255, 255, 255
46, 13, 255, 255, 255
46, 14, 255, 255, 255
46, 15, 255, 255, 255
46, 16, 255, 255, 255
46, 17, 255, 255, 255
46, 18, 255, 255, 255
46, 19, 255, 255, 255
46, 20, 255, 255, 255
46, 21, 255, 255, 255
46, 22, 255, 255, 255
46, 23, 255, 255, 255
46, 24, 255, 255, 255
46, 25, 255, 255, 255
46, 26, 24, 16, 16
46, 27, 96, 144, 152
46, 28, 96, 144, 152
46, 29, 24, 16, 16
46, 30, 255, 255, 255
46, 31, 255, 255, 255
46, 32, 255, 255, 255
46, 33, 255, 255, 255
46, 34, 255, 255, 255
46, 35, 40, 88, 96
46, 36, 96, 144, 152
46, 37, 96, 144, 152
46, 38, 96, 144, 152
46, 39, 40, 88, 96
46, 40, 255, 255, 255
46, 41, 255, 255, 255
46, 42, 255, 255, 255
46, 43, 255, 255, 255
46, 44, 255, 255, 255
46, 45, 255, 255, 255
46, 46, 255, 255, 255
46, 47, 255, 255, 255
46, 48, 255, 255, 255
46, 49, 255, 255, 255
46, 50, 255, 255, 255
46, 51, 255, 255, 255
46, 52, 255, 255, 255
46, 53, 255, 255, 255
46, 54, 255, 255, 255
46, 55, 255, 255, 255
46, 56, 255, 255, 255
46, 57, 255, 255, 255
46, 58, 255, 255, 255
46, 59, 255, 255, 255
46, 60, 255, 255, 255
46, 61, 255, 255, 255
46, 62, 255, 255, 255
46, 63, 255, 255, 255
47, 0, 255, 255, 255
47, 1, 255, 255, 255
47, 2, 255, 255, 255
47, 3, 255, 255, 255
47, 4, 255, 255, 255
47, 5, 255, 255, 255
47, 6, 255, 255, 255
47, 7, 255, 255, 255
47, 8, 255, 255, 255
47, 9, 255, 255, 255
47, 10, 255, 255, 255
47, 11, 255, 255, 255
47, 12, 255, 255, 255
47, 13, 255, 255, 255
47, 14, 255, 255, 255
47, 15, 255, 255, 255
47, 16, 255, 255, 255
47, 17, 255, 255, 255
47, 18, 255, 255, 255
47, 19, 255, 255, 255
47, 20, 255, 255, 255
47, 21, 255, 255, 255
47, 22, 255, 255, 255
47, 23, 255, 255, 255
47, 24, 255, 255, 255
47, 25, 255, 255, 255
47, 26, 255, 255, 255
47, 27, 24, 16, 16
47, 28, 24, 16, 16
47, 29, 255, 255, 255
47, 30, 255, 255, 255
47, 31, 255, 255, 255
47, 32, 255, 255, 255
47, 33, 255, 255, 255
47, 34, 255, 255, 255
47, 35, 255, 255, 255
47, 36, 40, 88, 96
47, 37, 40, 88, 96
47, 38, 40, 88, 96
47, 39, 255, 255, 255
47, 40, 255, 255, 255
47, 41, 255, 255, 255
47, 42, 255, 255, 255
47, 43, 255, 255, 255
47, 44, 255, 255, 255
47, 45, 255, 255, 255
47, 46, 255, 255, 255
47, 47, 255, 255, 255
47, 48, 255, 255, 255
47, 49, 255, 255, 255
47, 50, 255, 255, 255
47, 51, 255, 255, 255
47, 52, 255, 255, 255
47, 53, 255, 255, 255
47, 54, 255, 255, 255
47, 55, 255, 255, 255
47, 56, 255, 255, 255
47, 57, 255, 255, 255
47, 58, 255, 255, 255
47, 59, 255, 255, 255
47, 60, 255, 255, 255
47, 61, 255, 255, 255
47, 62, 255, 255, 255
47, 63, 255, 255, 255
48, 0, 255, 255, 255
48, 1, 255, 255, 255
48, 2, 255, 255, 255
48, 3, 255, 255, 255
48, 4, 255, 255, 255
48, 5, 255, 255, 255
48, 6, 255, 255, 255
48, 7, 255, 255, 255
48, 8, 255, 255, 255
48, 9, 255, 255, 255
48, 10, 255, 255, 255
48, 11, 255, 255, 255
48, 12, 255, 255, 255
48, 13, 255, 255, 255
48, 14, 255, 255, 255
48, 15, 255, 255, 255
48, 16, 255, 255, 255
48, 17, 255, 255, 255
48, 18, 255, 255, 255
48, 19, 255, 255, 255
48, 20, 255, 255, 255
48, 21, 255, 255, 255
48, 22, 255, 255, 255
48, 23, 255, 255, 255
48, 24, 255, 255, 255
48, 25, 255, 255, 255
48, 26, 255, 255, 255
48, 27, 255, 255, 255
48, 28, 255, 255, 255
48, 29, 255, 255, 255
48, 30, 255, 255, 255
48, 31, 255, 255, 255
48, 32, 255, 255, 255
48, 33, 255, 255, 255
48, 34, 255, 255, 255
48, 35, 255, 255, 255
48, 36, 255, 255, 255
48, 37, 255, 255, 255
48, 38, 255, 255, 255
48, 39, 255, 255, 255
48, 40, 255, 255, 255
48, 41, 255, 255, 255
48, 42, 255, 255, 255
48, 43, 255, 255, 255
48, 44, 255, 255, 255
48, 45, 255, 255, 255
48, 46, 255, 255, 255
48, 47, 255, 255, 255
48, 48, 255, 255, 255
48, 49, 255, 255, 255
48, 50, 255, 255, 255
48, 51, 255, 255, 255
48, 52, 255, 255, 255
48, 53, 255, 255, 255
48, 54, 255, 255, 255
48, 55, 255, 255, 255
48, 56, 255, 255, 255
48, 57, 255, 255, 255
48, 58, 255, 255, 255
48, 59, 255, 255, 255
48, 60, 255, 255, 255
48, 61, 255, 255, 255
48, 62, 255, 255, 255
48, 63, 255, 255, 255
49, 0, 255, 255, 255
49, 1, 255, 255, 255
49, 2, 255, 255, 255
49, 3, 255, 255, 255
49, 4, 255, 255, 255
49, 5, 255, 255, 255
49, 6, 255, 255, 255
49, 7, 255, 255, 255
49, 8, 255, 255, 255
49, 9, 255, 255, 255
49, 10, 255, 255, 255
49, 11, 255, 255, 255
49, 12, 255, 255, 255
49, 13, 255, 255, 255
49, 14, 255, 255, 255
49, 15, 255, 255, 255
49, 16, 255, 255, 255
49, 17, 255, 255, 255
49, 18, 255, 255, 255
49, 19, 255, 255, 255
49, 20, 255, 255, 255
49, 21, 255, 255, 255
49, 22, 255, 255, 255
49, 23, 255, 255, 255
49, 24, 255, 255, 255
49, 25, 255, 255, 255
49, 26, 255, 255, 255
49, 27, 255, 255, 255
49, 28, 255, 255, 255
49, 29, 255, 255, 255
49, 30, 255, 255, 255
49, 31, 255, 255, 255
49, 32, 255, 255, 255
49, 33, 255, 255, 255
49, 34, 255, 255, 255
49, 35, 255, 255, 255
49, 36, 255, 255, 255
49, 37, 255, 255, 255
49, 38, 255, 255, 255
49, 39, 255, 255, 255
49, 40, 255, 255, 255
49, 41, 255, 255, 255
49, 42, 255, 255, 255
49, 43, 255, 255, 255
49, 44, 255, 255, 255
49, 45, 255, 255, 255
49, 46, 255, 255, 255
49, 47, 255, 255, 255
49, 48, 255, 255, 255
49, 49, 255, 255, 255
49, 50, 255, 255, 255
49, 51, 255, 255, 255
49, 52, 255, 255, 255
49, 53, 255, 255, 255
49, 54, 255, 255, 255
49, 55, 255, 255, 255
49, 56, 255, 255, 255
49, 57, 255, 255, 255
49, 58, 255, 255, 255
49, 59, 255, 255, 255
49, 60, 255, 255, 255
49, 61, 255, 255, 255
49, 62, 255, 255, 255
49, 63, 255, 255, 255
50, 0, 255, 255, 255
50, 1, 255, 255, 255
50, 2, 255, 255, 255
50, 3, 255, 255, 255
50, 4, 255, 255, 255
50, 5, 255, 255, 255
50, 6, 255, 255, 255
50, 7, 255, 255, 255
50, 8, 255, 255, 255
50, 9, 255, 255, 255
50, 10, 255, 255, 255
50, 11, 255, 255, 255
50, 12, 255, 255, 255
50, 13, 255, 255, 255
50, 14, 255, 255, 255
50, 15, 255, 255, 255
50, 16, 255, 255, 255
50, 17, 255, 255, 255
50, 18, 255, 255, 255
50, 19, 255, 255, 255
50, 20, 255, 255, 255
50, 21, 255, 255, 255
50, 22, 255, 255, 255
50, 23, 255, 255, 255
50, 24, 255, 255, 255
50, 25, 255, 255, 255
50, 26, 255, 255, 255
50, 27, 255, 255, 255
50, 28, 255, 255, 255
50, 29, 255, 255, 255
50, 30, 255, 255, 255
50, 31, 255, 255, 255
50, 32, 255, 255, 255
50, 33, 255, 255, 255
50, 34, 255, 255, 255
50, 35, 255, 255, 255
50, 36, 255, 255, 255
50, 37, 255, 255, 255
50, 38, 255, 255, 255
50, 39, 255, 255, 255
50, 40, 255, 255, 255
50, 41, 255, 255, 255
50, 42, 255, 255, 255
50, 43, 255, 255, 255
50, 44, 255, 255, 255
50, 45, 255, 255, 255
50, 46, 255, 255, 255
50, 47, 255, 255, 255
50, 48, 255, 255, 255
50, 49, 255, 255, 255
50, 50, 255, 255, 255
50, 51, 255, 255, 255
50, 52, 255, 255, 255
50, 53, 255, 255, 255
50, 54, 255, 255, 255
50, 55, 255, 255, 255
50, 56, 255, 255, 255
50, 57, 255, 255, 255
50, 58, 255, 255, 255
50, 59, 255, 255, 255
50, 60, 255, 255, 255
50, 61, 255, 255, 255
50, 62, 255, 255, 255
50, 63, 255, 255, 255
51, 0, 255, 255, 255
51, 1, 255, 255, 255
51, 2, 255, 255, 255
51, 3, 255, 255, 255
51, 4, 255, 255, 255
51, 5, 255, 255, 255
51, 6, 255, 255, 255
51, 7, 255, 255, 255
51, 8, 255, 255, 255
51, 9, 255, 255, 255
51, 10, 255, 255, 255
51, 11, 255, 255, 255
51, 12, 255, 255, 255
51, 13, 255, 255, 255
51, 14, 255, 255, 255
51, 15, 255, 255, 255
51, 16, 255, 255, 255
51, 17, 255, 255, 255
51, 18, 255, 255, 255
51, 19, 255, 255, 255
51, 20, 255, 255, 255
51, 21, 255, 255, 255
51, 22, 255, 255, 255
51, 23, 255, 255, 255
51, 24, 255, 255, 255
51, 25, 255, 255, 255
51, 26, 255, 255, 255
51, 27, 255, 255, 255
51, 28, 255, 255, 255
51, 29, 255, 255, 255
51, 30, 255, 255, 255
51, 31, 255, 255, 255
51, 32, 255, 255, 255
51, 33, 255, 255, 255
51, 34, 255, 255, 255
51, 35, 255, 255, 255
51, 36, 255, 255, 255
51, 37, 255, 255, 255
51, 38, 255, 255, 255
51, 39, 255, 255, 255
51, 40, 255, 255, 255
51, 41, 255, 255, 255
51, 42, 255, 255, 255
51, 43, 255, 255, 255
51, 44, 255, 255, 255
51, 45, 255, 255, 255
51, 46, 255, 255, 255
51, 47, 255, 255, 255
51, 48, 255, 255, 255
51, 49, 255, 255, 255
51, 50, 255, 255, 255
51, 51, 255, 255, 255
51, 52, 255, 255, 255
51, 53, 255, 255, 255
51, 54, 255, 255, 255
51, 55, 255, 255, 255
51, 56, 255, 255, 255
51, 57, 255, 255, 255
51, 58, 255, 255, 255
51, 59, 255, 255, 255
51, 60, 255, 255, 255
51, 61, 255, 255, 255
51, 62, 255, 255, 255
51, 63, 255, 255, 255
52, 0, 255, 255, 255
52, 1, 255, 255, 255
52, 2, 255, 255, 255
52, 3, 255, 255, 255
52, 4, 255, 255, 255
52, 5, 255, 255, 255
52, 6, 255, 255, 255
52, 7, 255, 255, 255
52, 8, 255, 255, 255
52, 9, 255, 255, 255
52, 10, 255, 255, 255
52, 11, 255, 255, 255
52, 12, 255, 255, 255
52, 13, 255, 255, 255
52, 14, 255, 255, 255
52, 15, 255, 255, 255
52, 16, 255, 255, 255
52, 17, 255, 255, 255
52, 18, 255, 255, 255
52, 19, 255, 255, 255
52, 20, 255, 255, 255
52, 21, 255, 255, 255
52, 22, 255, 255, 255
52, 23, 255, 255, 255
52, 24, 255, 255, 255
52, 25, 255, 255, 255
52, 26, 255, 255, 255
52, 27, 255, 255, 255
52, 28, 255, 255, 255
52, 29, 255, 255, 255
52, 30, 255, 255, 255
52, 31, 255, 255, 255
52, 32, 255, 255, 255
52, 33, 255, 255, 255
52, 34, 255, 255, 255
52, 35, 255, 255, 255
52, 36, 255, 255, 255
52, 37, 255, 255, 255
52, 38, 255, 255, 255
52, 39, 255, 255, 255
52, 40, 255, 255, 255
52, 41, 255, 255, 255
52, 42, 255, 255, 255
52, 43, 255, 255, 255
52, 44, 255, 255, 255
52, 45, 255, 255, 255
52, 46, 255, 255, 255
52, 47, 255, 255, 255
52, 48, 255, 255, 255
52, 49, 255, 255, 255
52, 50, 255, 255, 255
52, 51, 255, 255, 255
52, 52, 255, 255, 255
52, 53, 255, 255, 255
52, 54, 255, 255, 255
52, 55, 255, 255, 255
52, 56, 255, 255, 255
52, 57, 255, 255, 255
52, 58, 255, 255, 255
52, 59, 255, 255, 255
52, 60, 255, 255, 255
52, 61, 255, 255, 255
52, 62, 255, 255, 255
52, 63, 255, 255, 255
53, 0, 255, 255, 255
53, 1, 255, 255, 255
53, 2, 255, 255, 255
53, 3, 255, 255, 255
53, 4, 255, 255, 255
53, 5, 255, 255, 255
53, 6, 255, 255, 255
53, 7, 255, 255, 255
53, 8, 255, 255, 255
53, 9, 255, 255, 255
53, 10, 255, 255, 255
53, 11, 255, 255, 255
53, 12, 255, 255, 255
53, 13, 255, 255, 255
53, 14, 255, 255, 255
53, 15, 255, 255, 255
53, 16, 255, 255, 255
53, 17, 255, 255, 255
53, 18, 255, 255, 255
53, 19, 255, 255, 255
53, 20, 255, 255, 255
53, 21, 255, 255, 255
53, 22, 255, 255, 255
53, 23, 255, 255, 255
53, 24, 255, 255, 255
53, 25, 255, 255, 255
53, 26, 255, 255, 255
53, 27, 255, 255, 255
53, 28, 255, 255, 255
53, 29, 255, 255, 255
53, 30, 255, 255, 255
53, 31, 255, 255, 255
53, 32, 255, 255, 255
53, 33, 255, 255, 255
53, 34, 255, 255, 255
53, 35, 255, 255, 255
53, 36, 255, 255, 255
53, 37, 255, 255, 255
53, 38, 255, 255, 255
53, 39, 255, 255, 255
53, 40, 255, 255, 255
53, 41, 255, 255, 255
53, 42, 255, 255, 255
53, 43, 255, 255, 255
53, 44, 255, 255, 255
53, 45, 255, 255, 255
53, 46, 255, 255, 255
53, 47, 255, 255, 255
53, 48, 255, 255, 255
53, 49, 255, 255, 255
53, 50, 255, 255, 255
53, 51, 255, 255, 255
53, 52, 255, 255, 255
53, 53, 255, 255, 255
53, 54, 255, 255, 255
53, 55, 255, 255, 255
53, 56, 255, 255, 255
53, 57, 255, 255, 255
53, 58, 255, 255, 255
53, 59, 255, 255, 255
53, 60, 255, 255, 255
53, 61, 255, 255, 255
53, 62, 255, 255, 255
53, 63, 255, 255, 255
54, 0, 255, 255, 255
54, 1, 255, 255, 255
54, 2, 255, 255, 255
54, 3, 255, 255, 255
54, 4, 255, 255, 255
54, 5, 255, 255, 255
54, 6, 255, 255, 255
54, 7, 255, 255, 255
54, 8, 255, 255, 255
54, 9, 255, 255, 255
54, 10, 255, 255, 255
54, 11, 255, 255, 255
54, 12, 255, 255, 255
54, 13, 255, 255, 255
54, 14, 255, 255, 255
54, 15, 255, 255, 255
54, 16, 255, 255, 255
54, 17, 255, 255, 255
54, 18, 255, 255, 255
54, 19, 255, 255, 255
54, 20, 255, 255, 255
54, 21, 255, 255, 255
54, 22, 255, 255, 255
54, 23, 255, 255, 255
54, 24, 255, 255, 255
54, 25, 255, 255, 255
54, 26, 255, 255, 255
54, 27, 255, 255, 255
54, 28, 255, 255, 255
54, 29, 255, 255, 255
54, 30, 255, 255, 255
54, 31, 255, 255, 255
54, 32, 255, 255, 255
54, 33, 255, 255, 255
54, 34, 255, 255, 255
54, 35, 255, 255, 255
54, 36, 255, 255, 255
54, 37, 255, 255, 255
54, 38, 255, 255, 255
54, 39, 255, 255, 255
54, 40, 255, 255, 255
54, 41, 255, 255, 255
54, 42, 255, 255, 255
54, 43, 255, 255, 255
54, 44, 255, 255, 255
54, 45, 255, 255, 255
54, 46, 255, 255, 255
54, 47, 255, 255, 255
54, 48, 255, 255, 255
54, 49, 255, 255, 255
54, 50, 255, 255, 255
54, 51, 255, 255, 255
54, 52, 255, 255, 255
54, 53, 255, 255, 255
54, 54, 255, 255, 255
54, 55, 255, 255, 255
54, 56, 255, 255, 255
54, 57, 255, 255, 255
54, 58, 255, 255, 255
54, 59, 255, 255, 255
54, 60, 255, 255, 255
54, 61, 255, 255, 255
54, 62, 255, 255, 255
54, 63, 255, 255, 255
55, 0, 255, 255, 255
55, 1, 255, 255, 255
55, 2, 255, 255, 255
55, 3, 255, 255, 255
55, 4, 255, 255, 255
55, 5, 255, 255, 255
55, 6, 255, 255, 255
55, 7, 255, 255, 255
55, 8, 255, 255, 255
55, 9, 255, 255, 255
55, 10, 255, 255, 255
55, 11, 255, 255, 255
55, 12, 255, 255, 255
55, 13, 255, 255, 255
55, 14, 255, 255, 255
55, 15, 255, 255, 255
55, 16, 255, 255, 255
55, 17, 255, 255, 255
55, 18, 255, 255, 255
55, 19, 255, 255, 255
55, 20, 255, 255, 255
55, 21, 255, 255, 255
55, 22, 255, 255, 255
55, 23, 255, 255, 255
55, 24, 255, 255, 255
55, 25, 255, 255, 255
55, 26, 255, 255, 255
55, 27, 255, 255, 255
55, 28, 255, 255, 255
55, 29, 255, 255, 255
55, 30, 255, 255, 255
55, 31, 255, 255, 255
55, 32, 255, 255, 255
55, 33, 255, 255, 255
55, 34, 255, 255, 255
55, 35, 255, 255, 255
55, 36, 255, 255, 255
55, 37, 255, 255, 255
55, 38, 255, 255, 255
55, 39, 255, 255, 255
55, 40, 255, 255, 255
55, 41, 255, 255, 255
55, 42, 255, 255, 255
55, 43, 255, 255, 255
55, 44, 255, 255, 255
55, 45, 255, 255, 255
55, 46, 255, 255, 255
55, 47, 255, 255, 255
55, 48, 255, 255, 255
55, 49, 255, 255, 255
55, 50, 255, 255, 255
55, 51, 255, 255, 255
55, 52, 255, 255, 255
55, 53, 255, 255, 255
55, 54, 255, 255, 255
55, 55, 255, 255, 255
55, 56, 255, 255, 255
55, 57, 255, 255, 255
55, 58, 255, 255, 255
55, 59, 255, 255, 255
55, 60, 255, 255, 255
55, 61, 255, 255, 255
55, 62, 255, 255, 255
55, 63, 255, 255, 255
56, 0, 255, 255, 255
56, 1, 255, 255, 255
56, 2, 255, 255, 255
56, 3, 255, 255, 255
56, 4, 255, 255, 255
56, 5, 255, 255, 255
56, 6, 255, 255, 255
56, 7, 255, 255, 255
56, 8, 255, 255, 255
56, 9, 255, 255, 255
56, 10, 255, 255, 255
56, 11, 255, 255, 255
56, 12, 255, 255, 255
56, 13, 255, 255, 255
56, 14, 255, 255, 255
56, 15, 255, 255, 255
56, 16, 255, 255, 255
56, 17, 255, 255, 255
56, 18, 255, 255, 255
56, 19, 255, 255, 255
56, 20, 255, 255, 255
56, 21, 255, 255, 255
56, 22, 255, 255, 255
56, 23, 255, 255, 255
56, 24, 255, 255, 255
56, 25, 255, 255, 255
56, 26, 255, 255, 255
56, 27, 255, 255, 255
56, 28, 255, 255, 255
56, 29, 255, 255, 255
56, 30, 255, 255, 255
56, 31, 255, 255, 255
56, 32, 255, 255, 255
56, 33, 255, 255, 255
56, 34, 255, 255, 255
56, 35, 255, 255, 255
56, 36, 255, 255, 255
56, 37, 255, 255, 255
56, 38, 255, 255, 255
56, 39, 255, 255, 255
56, 40, 255, 255, 255
56, 41, 255, 255, 255
56, 42, 255, 255, 255
56, 43, 255, 255, 255
56, 44, 255, 255, 255
56, 45, 255, 255, 255
56, 46, 255, 255, 255
56, 47, 255, 255, 255
56, 48, 255, 255, 255
56, 49, 255, 255, 255
56, 50, 255, 255, 255
56, 51, 255, 255, 255
56, 52, 255, 255, 255
56, 53, 255, 255, 255
56, 54, 255, 255, 255
56, 55, 255, 255, 255
56, 56, 255, 255, 255
56, 57, 255, 255, 255
56, 58, 255, 255, 255
56, 59, 255, 255, 255
56, 60, 255, 255, 255
56, 61, 255, 255, 255
56, 62, 255, 255, 255
56, 63, 255, 255, 255
57, 0, 255, 255, 255
57, 1, 255, 255, 255
57, 2, 255, 255, 255
57, 3, 255, 255, 255
57, 4, 255, 255, 255
57, 5, 255, 255, 255
57, 6, 255, 255, 255
57, 7, 255, 255, 255
57, 8, 255, 255, 255
57, 9, 255, 255, 255
57, 10, 255, 255, 255
57, 11, 255, 255, 255
57, 12, 255, 255, 255
57, 13, 255, 255, 255
57, 14, 255, 255, 255
57, 15, 255, 255, 255
57, 16, 255, 255, 255
57, 17, 255, 255, 255
57, 18, 255, 255, 255
57, 19, 255, 255, 255
57, 20, 255, 255, 255
57, 21, 255, 255, 255
57, 22, 255, 255, 255
57, 23, 255, 255, 255
57, 24, 255, 255, 255
57, 25, 255, 255, 255
57, 26, 255, 255, 255
57, 27, 255, 255, 255
57, 28, 255, 255, 255
57, 29, 255, 255, 255
57, 30, 255, 255, 255
57, 31, 255, 255, 255
57, 32, 255, 255, 255
57, 33, 255, 255, 255
57, 34, 255, 255, 255
57, 35, 255, 255, 255
57, 36, 255, 255, 255
57, 37, 255, 255, 255
57, 38, 255, 255, 255
57, 39, 255, 255, 255
57, 40, 255, 255, 255
57, 41, 255, 255, 255
57, 42, 255, 255, 255
57, 43, 255, 255, 255
57, 44, 255, 255, 255
57, 45, 255, 255, 255
57, 46, 255, 255, 255
57, 47, 255, 255, 255
57, 48, 255, 255, 255
57, 49, 255, 255, 255
57, 50, 255, 255, 255
57, 51, 255, 255, 255
57, 52, 255, 255, 255
57, 53, 255, 255, 255
57, 54, 255, 255, 255
57, 55, 255, 255, 255
57, 56, 255, 255, 255
57, 57, 255, 255, 255
57, 58, 255, 255, 255
57, 59, 255, 255, 255
57, 60, 255, 255, 255
57, 61, 255, 255, 255
57, 62, 255, 255, 255
57, 63, 255, 255, 255
58, 0, 255, 255, 255
58, 1, 255, 255, 255
58, 2, 255, 255, 255
58, 3, 255, 255, 255
58, 4, 255, 255, 255
58, 5, 255, 255, 255
58, 6, 255, 255, 255
58, 7, 255, 255, 255
58, 8, 255, 255, 255
58, 9, 255, 255, 255
58, 10, 255, 255, 255
58, 11, 255, 255, 255
58, 12, 255, 255, 255
58, 13, 255, 255, 255
58, 14, 255, 255, 255
58, 15, 255, 255, 255
58, 16, 255, 255, 255
58, 17, 255, 255, 255
58, 18, 255, 255, 255
58, 19, 255, 255, 255
58, 20, 255, 255, 255
58, 21, 255, 255, 255
58, 22, 255, 255, 255
58, 23, 255, 255, 255
58, 24, 255, 255, 255
58, 25, 255, 255, 255
58, 26, 255, 255, 255
58, 27, 255, 255, 255
58, 28, 255, 255, 255
58, 29, 255, 255, 255
58, 30, 255, 255, 255
58, 31, 255, 255, 255
58, 32, 255, 255, 255
58, 33, 255, 255, 255
58, 34, 255, 255, 255
58, 35, 255, 255, 255
58, 36, 255, 255, 255
58, 37, 255, 255, 255
58, 38, 255, 255, 255
58, 39, 255, 255, 255
58, 40, 255, 255, 255
58, 41, 255, 255, 255
58, 42, 255, 255, 255
58, 43, 255, 255, 255
58, 44, 255, 255, 255
58, 45, 255, 255, 255
58, 46, 255, 255, 255
58, 47, 255, 255, 255
58, 48, 255, 255, 255
58, 49, 255, 255, 255
58, 50, 255, 255, 255
58, 51, 255, 255, 255
58, 52, 255, 255, 255
58, 53, 255, 255, 255
58, 54, 255, 255, 255
58, 55, 255, 255, 255
58, 56, 255, 255, 255
58, 57, 255, 255, 255
58, 58, 255, 255, 255
58, 59, 255, 255, 255
58, 60, 255, 255, 255
58, 61, 255, 255, 255
58, 62, 255, 255, 255
58, 63, 255, 255, 255
59, 0, 255, 255, 255
59, 1, 255, 255, 255
59, 2, 255, 255, 255
59, 3, 255, 255, 255
59, 4, 255, 255, 255
59, 5, 255, 255, 255
59, 6, 255, 255, 255
59, 7, 255, 255, 255
59, 8, 255, 255, 255
59, 9, 255, 255, 255
59, 10, 255, 255, 255
59, 11, 255, 255, 255
59, 12, 255, 255, 255
59, 13, 255, 255, 255
59, 14, 255, 255, 255
59, 15, 255, 255, 255
59, 16, 255, 255, 255
59, 17, 255, 255, 255
59, 18, 255, 255, 255
59, 19, 255, 255, 255
59, 20, 255, 255, 255
59, 21, 255, 255, 255
59, 22, 255, 255, 255
59, 23, 255, 255, 255
59, 24, 255, 255, 255
59, 25, 255, 255, 255
59, 26, 255, 255, 255
59, 27, 255, 255, 255
59, 28, 255, 255, 255
59, 29, 255, 255, 255
59, 30, 255, 255, 255
59, 31, 255, 255, 255
59, 32, 255, 255, 255
59, 33, 255, 255, 255
59, 34, 255, 255, 255
59, 35, 255, 255, 255
59, 36, 255, 255, 255
59, 37, 255, 255, 255
59, 38, 255, 255, 255
59, 39, 255, 255, 255
59, 40, 255, 255, 255
59, 41, 255, 255, 255
59, 42, 255, 255, 255
59, 43, 255, 255, 255
59, 44, 255, 255, 255
59, 45, 255, 255, 255
59, 46, 255, 255, 255
59, 47, 255, 255, 255
59, 48, 255, 255, 255
59, 49, 255, 255, 255
59, 50, 255, 255, 255
59, 51, 255, 255, 255
59, 52, 255, 255, 255
59, 53, 255, 255, 255
59, 54, 255, 255, 255
59, 55, 255, 255, 255
59, 56, 255, 255, 255
59, 57, 255, 255, 255
59, 58, 255, 255, 255
59, 59, 255, 255, 255
59, 60, 255, 255, 255
59, 61, 255, 255, 255
59, 62, 255, 255, 255
59, 63, 255, 255, 255
60, 0, 255, 255, 255
60, 1, 255, 255, 255
60, 2, 255, 255, 255
60, 3, 255, 255, 255
60, 4, 255, 255, 255
60, 5, 255, 255, 255
60, 6, 255, 255, 255
60, 7, 255, 255, 255
60, 8, 255, 255, 255
60, 9, 255, 255, 255
60, 10, 255, 255, 255
60, 11, 255, 255, 255
60, 12, 255, 255, 255
60, 13, 255, 255, 255
60, 14, 255, 255, 255
60, 15, 255, 255, 255
60, 16, 255, 255, 255
60, 17, 255, 255, 255
60, 18, 255, 255, 255
60, 19, 255, 255, 255
60, 20, 255, 255, 255
60, 21, 255, 255, 255
60, 22, 255, 255, 255
60, 23, 255, 255, 255
60, 24, 255, 255, 255
60, 25, 255, 255, 255
60, 26, 255, 255, 255
60, 27, 255, 255, 255
60, 28, 255, 255, 255
60, 29, 255, 255, 255
60, 30, 255, 255, 255
60, 31, 255, 255, 255
60, 32, 255, 255, 255
60, 33, 255, 255, 255
60, 34, 255, 255, 255
60, 35, 255, 255, 255
60, 36, 255, 255, 255
60, 37, 255, 255, 255
60, 38, 255, 255, 255
60, 39, 255, 255, 255
60, 40, 255, 255, 255
60, 41, 255, 255, 255
60, 42, 255, 255, 255
60, 43, 255, 255, 255
60, 44, 255, 255, 255
60, 45, 255, 255, 255
60, 46, 255, 255, 255
60, 47, 255, 255, 255
60, 48, 255, 255, 255
60, 49, 255, 255, 255
60, 50, 255, 255, 255
60, 51, 255, 255, 255
60, 52, 255, 255, 255
60, 53, 255, 255, 255
60, 54, 255, 255, 255
60, 55, 255, 255, 255
60, 56, 255, 255, 255
60, 57, 255, 255, 255
60, 58, 255, 255, 255
60, 59, 255, 255, 255
60, 60, 255, 255, 255
60, 61, 255, 255, 255
60, 62, 255, 255, 255
60, 63, 255, 255, 255
61, 0, 255, 255, 255
61, 1, 255, 255, 255
61, 2, 255, 255, 255
61, 3, 255, 255, 255
61, 4, 255, 255, 255
61, 5, 255, 255, 255
61, 6, 255, 255, 255
61, 7, 255, 255, 255
61, 8, 255, 255, 255
61, 9, 255, 255, 255
61, 10, 255, 255, 255
61, 11, 255, 255, 255
61, 12, 255, 255, 255
61, 13, 255, 255, 255
61, 14, 255, 255, 255
61, 15, 255, 255, 255
61, 16, 255, 255, 255
61, 17, 255, 255, 255
61, 18, 255, 255, 255
61, 19, 255, 255, 255
61, 20, 255, 255, 255
61, 21, 255, 255, 255
61, 22, 255, 255, 255
61, 23, 255, 255, 255
61, 24, 255, 255, 255
61, 25, 255, 255, 255
61, 26, 255, 255, 255
61, 27, 255, 255, 255
61, 28, 255, 255, 255
61, 29, 255, 255, 255
61, 30, 255, 255, 255
61, 31, 255, 255, 255
61, 32, 255, 255, 255
61, 33, 255, 255, 255
61, 34, 255, 255, 255
61, 35, 255, 255, 255
61, 36, 255, 255, 255
61, 37, 255, 255, 255
61, 38, 255, 255, 255
61, 39, 255, 255, 255
61, 40, 255, 255, 255
61, 41, 255, 255, 255
61, 42, 255, 255, 255
61, 43, 255, 255, 255
61, 44, 255, 255, 255
61, 45, 255, 255, 255
61, 46, 255, 255, 255
61, 47, 255, 255, 255
61, 48, 255, 255, 255
61, 49, 255, 255, 255
61, 50, 255, 255, 255
61, 51, 255, 255, 255
61, 52, 255, 255, 255
61, 53, 255, 255, 255
61, 54, 255, 255, 255
61, 55, 255, 255, 255
61, 56, 255, 255, 255
61, 57, 255, 255, 255
61, 58, 255, 255, 255
61, 59, 255, 255, 255
61, 60, 255, 255, 255
61, 61, 255, 255, 255
61, 62, 255, 255, 255
61, 63, 255, 255, 255
62, 0, 255, 255, 255
62, 1, 255, 255, 255
62, 2, 255, 255, 255
62, 3, 255, 255, 255
62, 4, 255, 255, 255
62, 5, 255, 255, 255
62, 6, 255, 255, 255
62, 7, 255, 255, 255
62, 8, 255, 255, 255
62, 9, 255, 255, 255
62, 10, 255, 255, 255
62, 11, 255, 255, 255
62, 12, 255, 255, 255
62, 13, 255, 255, 255
62, 14, 255, 255, 255
62, 15, 255, 255, 255
62, 16, 255, 255, 255
62, 17, 255, 255, 255
62, 18, 255, 255, 255
62, 19, 255, 255, 255
62, 20, 255, 255, 255
62, 21, 255, 255, 255
62, 22, 255, 255, 255
62, 23, 255, 255, 255
62, 24, 255, 255, 255
62, 25, 255, 255, 255
62, 26, 255, 255, 255
62, 27, 255, 255, 255
62, 28, 255, 255, 255
62, 29, 255, 255, 255
62, 30, 255, 255, 255
62, 31, 255, 255, 255
62, 32, 255, 255, 255
62, 33, 255, 255, 255
62, 34, 255, 255, 255
62, 35, 255, 255, 255
62, 36, 255, 255, 255
62, 37, 255, 255, 255
62, 38, 255, 255, 255
62, 39, 255, 255, 255
62, 40, 255, 255, 255
62, 41, 255, 255, 255
62, 42, 255, 255, 255
62, 43, 255, 255, 255
62, 44, 255, 255, 255
62, 45, 255, 255, 255
62, 46, 255, 255, 255
62, 47, 255, 255, 255
62, 48, 255, 255, 255
62, 49, 255, 255, 255
62, 50, 255, 255, 255
62, 51, 255, 255, 255
62, 52, 255, 255, 255
62, 53, 255, 255, 255
62, 54, 255, 255, 255
62, 55, 255, 255, 255
62, 56, 255, 255, 255
62, 57, 255, 255, 255
62, 58, 255, 255, 255
62, 59, 255, 255, 255
62, 60, 255, 255, 255
62, 61, 255, 255, 255
62, 62, 255, 255, 255
62, 63, 255, 255, 255
63, 0, 255, 255, 255
63, 1, 255, 255, 255
63, 2, 255, 255, 255
63, 3, 255, 255, 255
63, 4, 255, 255, 255
63, 5, 255, 255, 255
63, 6, 255, 255, 255
63, 7, 255, 255, 255
63, 8, 255, 255, 255
63, 9, 255, 255, 255
63, 10, 255, 255, 255
63, 11, 255, 255, 255
63, 12, 255, 255, 255
63, 13, 255, 255, 255
63, 14, 255, 255, 255
63, 15, 255, 255, 255
63, 16, 255, 255, 255
63, 17, 255, 255, 255
63, 18, 255, 255, 255
63, 19, 255, 255, 255
63, 20, 255, 255, 255
63, 21, 255, 255, 255
63, 22, 255, 255, 255
63, 23, 255, 255, 255
63, 24, 255, 255, 255
63, 25, 255, 255, 255
63, 26, 255, 255, 255
63, 27, 255, 255, 255
63, 28, 255, 255, 255
63, 29, 88, 56, 40
63, 30, 255, 255, 255
63, 31, 255, 255, 255
63, 32, 255, 255, 255
63, 33, 255, 255, 255
63, 34, 255, 255, 255
63, 35, 255, 255, 255
63, 36, 255, 255, 255
63, 37, 255, 255, 255
63, 38, 255, 255, 255
63, 39, 255, 255, 255
63, 40, 255, 255, 255
63, 41, 255, 255, 255
63, 42, 255, 255, 255
63, 43, 255, 255, 255
63, 44, 255, 255, 255
63, 45, 255, 255, 255
63, 46, 255, 255, 255
63, 47, 255, 255, 255
63, 48, 255, 255, 255
63, 49, 255, 255, 255
63, 50, 255, 255, 255
63, 51, 255, 255, 255
63, 52, 255, 255, 255
63, 53, 255, 255, 255
63, 54, 255, 255, 255
63, 55, 255, 255, 255
63, 56, 255, 255, 255
63, 57, 255, 255, 255
63, 58, 255, 255, 255
63, 59, 255, 255, 255
63, 60, 255, 255, 255
63, 61, 255, 255, 255
63, 62, 255, 255, 255
63, 63, 255, 255, 255
